poet,sequence,word,split,joined,unsure,scansion,is_heavy,primary_stress,line
Kailas,au,laulais,0,1,0,S,0,1,ja LAULAIS mulle 
Kailas,iu,liuta,0,1,0,S,0,1,LIUTA.
Kailas,{y,t{ynn{,0,1,0,S,0,1,ja kas--se on kes{{ T{YNN{!
Kailas,ou,rukoukseen,0,0,1,unknown,1,0,niinkuin k{sivarret RUKOUKSEEN ojetut.
Kailas,ou,joudut,0,1,0,S,0,1,JOUDUT kanssa 
Kailas,au,kaipauksen,1,0,0,WS,1,0,kanssa KAIPAUKSEN.
Kailas,au,kaukaa,0,1,0,S,0,1,KAUKAA viittoo se jo k{tt{{n.
Kailas,|y,l|yd{t,0,1,0,S,1,1,L|YD{T soman sammalm{tt{{n.
Kailas,ou,jousen,0,1,0,S,0,1,saisinpa taattoni j{ntev{n JOUSEN
Kailas,ou,nousen,0,1,0,S,0,1,"jos kotivuorelle NOUSEN,"
Kailas,au,kaipaus,0,1,0,S,1,0,KAIPAUS yltyy vaan:
Kailas,ou,nousee,0,1,0,S,0,1,varis vaakkuu. NOUSEE ukonpilvet
Kailas,au,haudassa,0,1,0,S,0,1,ah min{ tied{n: HAUDASSA sin{
Kailas,{y,t{ydellisen,0,1,0,S,1,1,tuokio onnen T{YDELLISEN.
Kailas,au,hautaristille,0,1,0,S,0,1,»t{{ kalle kiipee HAUTARISTILLE
Kailas,{y,n{ytti,0,1,0,S,0,1,"jo N{YTTI siihen mies se tupertui,"
Kailas,{y,uiman{yt|st{,0,1,0,S,1,0,mies suunnittelee UIMAN{YT|ST{
Kailas,au,sauhutellen,0,1,0,S,0,1,SAUHUTELLEN 
Kailas,au,laukaus,0,1,0,S,0,1,nyt!--LAUKAUS ja luotisihin{.
Kailas,au,aurinko,0,1,0,S,0,1,kun AURINKO on painumassa mereen.
Kailas,iu,hiusten,0,1,0,S,1,1,m{rkien HIUSTEN 
Kailas,au,kaipaus,1,0,0,W,1,0,KAIPAUS syd{nt{ sy|.
Kailas,au,kaulaa,0,1,0,S,0,1,"kiekumassa, KAULAA oikomassa."
Kailas,ou,joukkueemme,0,1,0,S,1,1,taas JOUKKUEEMME suoju-virran luona
Kailas,au,auki,0,1,0,unknown,0,1,"rep{ise AUKI mielesi akkunat,"
Kailas,au,kaukaisten,0,1,0,unknown,0,1,ja anna sen kisailla KAUKAISTEN karien keskell{
Kailas,au,auringon,0,1,0,unknown,0,1,AURINGON s{teiss{
Kailas,ou,lounatuuli,0,1,0,unknown,0,1,LOUNATUULI on oppinut puhumaan
Kailas,{y,k{yt|st{,0,1,0,S,1,1,jo {llistyimme moista K{YT|ST{
Kailas,au,laukaus,1,0,0,WS,1,0,nyt!--LAUKAUS ja luotisihin{.
Kailas,au,kaukalossa,0,1,0,S,0,1,"kuin kana KAUKALOSSA, molskutti,"
Kailas,au,pauke,0,1,0,S,0,1,jo alkaa ryss{n PAUKE loppua.
Kailas,iu,hiukaa,0,1,0,S,0,1,"mut taisi sent{{n HIUKAA sattua»,"
Kailas,{y,t{ydelt{,0,1,0,S,1,1,mahan T{YDELT{ ei n{et ahmita herkkua.»
Kailas,au,haukkui,0,1,0,S,1,1,"p{{t{ k{{nsi se ja ilmaa nuuski, HAUKKUI,"
Kailas,au,laulurastas,0,1,0,S,0,1,maammon LAULURASTAS
Kailas,au,kaukaisten,0,1,0,unknown,0,1,KAUKAISTEN karien keskell{.
Koskenniemi,{y,h{m{rt{ynyt,0,1,0,S,1,0,"ilta varhemmin on H{M{RT{YNYT,"
Koskenniemi,au,kev{tlaulua,0,1,0,S,0,0,KEV{TLAULUA laineet 
Koskenniemi,eu,j{{neulat,0,1,0,W,1,0,"j{{kent{t kasvaa, J{{NEULAT hohtaa."
Koskenniemi,au,kylm{n-raukeata,0,1,0,S,0,0,"y|, untas kylv{ KYLM{N-RAUKEATA"
Siljo,ou,mets{nloukkoin,0,1,0,S,0,0,mua k{tk|ss{ METS{NLOUKKOIN.
Kailas,au,rauhan,0,1,0,S,0,1,"ah, aavain RAUHAN sanomattoman"
Kailas,ou,hourujenhuoneella,0,0,1,unknown,0,1,(entinen kemisti pit{{ HOURUJENHUONEELLA tavanomaista luentoaan.)
Kailas,ou,ilouhrina,1,0,0,WS,1,0,joka taivasta p{in ILOUHRINA suitsuttaa
Kailas,au,lauluni,0,1,0,S,0,1,lieneek| LAULUNI laatu
Hellaakoski,au,haukan,0,1,0,S,0,1,ja HAUKAN kirkunan 
Hellaakoski,au,laulaen,0,1,0,S,0,1,v{ki nuori LAULAEN t|iss{.
Hellaakoski,eu,haikeus,1,0,0,WS,1,0,rinnassa HAIKEUS
Koskenniemi,au,laulut,0,1,0,S,0,1,ja puiston puissa kaikki LAULUT nukkuu
Koskenniemi,{y,t{ytt{v{n,0,1,0,S,0,1,vuon T{YTT{V{N rintani taas.
Koskenniemi,{y,henk{ykses,0,0,1,W,0,0,"vain sinun HENK{YKSES minun sieluni kirkkahaks saattaa,"
Koskenniemi,eu,seurassas,0,1,0,S,0,1,lempe{ SEURASSAS on syli kuoleman y|n
Koskenniemi,ou,nousi,0,1,0,S,0,1,"NOUSI paikaltansa vanha markku,"
Koskenniemi,iu,siunaa,0,1,0,S,0,1,"O herra, SIUNAA suomen kansa,"
Koskenniemi,iu,siunaa,0,1,0,S,0,1,SIUNAA 
Koskenniemi,au,huokauksin,1,0,0,W,1,0,"ostettu on unelmin, hurmehin, HUOKAUKSIN."
Koskenniemi,au,rauhaas,0,1,0,S,0,1,"niin ole tervetullut, syys! sun RAUHAAS rinta halaa."
Siljo,{y,valtav{ylien,0,1,0,S,0,0,suuntaan VALTAV{YLIEN.
Siljo,au,kaunein,0,1,0,S,0,1,sit{ KAUNEIN uskoin ma palvoin
Siljo,au,kaunein,0,1,0,S,0,1,"KAUNEIN kuolo sen eik| ois,"
Siljo,au,linnunlaulu,0,1,0,S,0,0,"kukkastuoksu, LINNUNLAULU, sini taivahan,"
L|nnrot,au,laulamahan,0,1,0,S,0,1,lajivirtt{ LAULAMAHAN.
L|nnrot,au,hautoi,0,1,0,S,0,1,"p{iv{n, HAUTOI toisen,"
Hellaakoski,eu,peukalot,0,1,0,S,0,1,"maristen, PEUKALOT py|rien, lerpalla huuli."
Hellaakoski,{y,l{im{ytti,0,1,0,W,0,0,sitten L{IM{YTTI.
Koskenniemi,ey,k{tkeyn,1,0,0,W,1,0,"jos kuljen, jos K{TKEYN minne."
Siljo,au,is{n-rakkaus,0,0,1,W,1,0,IS{N-RAKKAUS etees eedenin luo
Kailas,au,rauta,0,1,0,S,0,1,syd{men tulinen RAUTA on tuotu
Kailas,au,laulun,0,1,0,S,0,1,mulle LAULUN ik{v{st{.
Kailas,au,kaipauksen,0,0,1,unknown,1,0,p{{st{ KAIPAUKSEN h{kkilintu valloilleen
Kailas,au,lauluna,0,1,0,S,0,1,LAULUNA rantarastaan.
Kailas,au,vuosikausiin,0,1,0,S,0,0,pitkiin VUOSIKAUSIIN sill' ei astujaa.
Kailas,{y,k{yn,0,1,0,S,1,1,"{{ri{ K{YN kotirantain,"
Kailas,au,aurinkoon,0,1,0,S,0,1,--ampuisin AURINKOON!
Kailas,au,haudassa,0,1,0,S,0,1,HAUDASSA toinen ja maanp{{ll{ toinen.
Kailas,ou,joukkoon,0,1,0,S,1,1,"my|s eksyy JOUKKOON pieni ilve, ilkku:"
Kailas,au,haukotellen,0,1,0,S,0,1,h{n HAUKOTELLEN tuumii: »l{hden uimaan.
Kailas,|y,rantat|yryn,0,1,0,S,1,0,RANTAT|YRYN alle
Kailas,au,naurattamaan,0,1,0,S,0,1,--se pyrki NAURATTAMAAN veikkoja.--
Kailas,au,kauhalla,0,1,0,S,0,1,»kupit t{nne ja ala antti KAUHALLA ropsia.
Kailas,{y,k{yn,0,1,0,W,1,1,K{YN yksin. eell{k| muista?
Kailas,|y,l|yd{n,0,1,0,S,1,1,"kenties sinut kerran L|YD{N,"
Kailas,|y,l|yd{,0,1,0,S,0,1,kenties sua L|YD{ en.
Kailas,|y,l|yt{{,0,1,0,S,0,1,"mut, varma on: itseni L|YT{{"
Kailas,au,aurat,0,1,0,S,0,1,jo aikoja l{hteneet ovat kurkien AURAT.
Kailas,au,aurat,0,1,0,S,0,1,maan pohjoisen j{tti jo suvi kuin kurkien AURAT.
Kailas,au,auttaa,0,1,0,S,1,1,"mit' AUTTAA, vaikka kyyneleen"
Kailas,au,kaipaukses,1,0,0,WS,1,0,sun KAIPAUKSES poltteeseen
Kailas,|y,k|yhyyteni,0,1,0,S,0,1,mun suuren K|YHYYTENI.
Kailas,au,laumat,0,1,0,S,0,1,n{in lasna LAUMAT peikkojen
Kailas,au,auringolta,0,1,0,S,0,1,ja AURINGOLTA viel{kin
Kailas,au,kauttas,0,1,0,S,1,1,mina voin sinun KAUTTAS vain
Kailas,ou,houkuta,0,1,0,S,0,1,nyt en{{ mielt{s HOUKUTA vilhtyv{{.
Kailas,au,rauha,0,1,0,S,0,1,"mut kallein kaikesta on syv{ RAUHA t{{,"
Kailas,{y,verenk{yntiis,0,1,0,S,0,0,VERENK{YNTIIS yhtyen nyt sinun sieluus j{{.
Kailas,|y,n|yrtyv{,0,1,0,S,0,1,"niin, aika N|YRTYV{ on sinun kohdallas"
Kailas,ey,pimeyden,0,0,1,unknown,0,0,se on portti kahden PIMEYDEN v{lill{.
Kailas,eu,oikeutta,1,0,0,WS,1,0,jaa vihdoin OIKEUTTA itselles.
Kailas,|y,p|yt{s,0,1,0,S,1,1,"juo maljas pohjaan, P|YT{S herkut "
Kailas,au,nauti,0,1,0,S,0,1,"herkut NAUTI,"
Kailas,|y,k|yhyytes,0,1,0,S,0,1,"kuin K|YHYYTES, niin olkoon n{{nnytt{v{"
Kailas,au,rikkautes,1,0,0,WS,0,0,nyt RIKKAUTES ylenpalttisuus
Kailas,au,kaipauksen,1,0,0,WS,1,0,"ken KAIPAUKSEN syd{meens{ joi,"
Kailas,au,auringotkin,0,1,0,S,0,1,ja AURINGOTKIN lahjaks syd{melle.
Kailas,eu,oikeus,1,0,0,WS,1,0,"t{{ OIKEUS on suotu ihmiselle,"
Kailas,iu,tiukasti,0,1,0,unknown,0,1,TIUKASTI tuntien rajoissa.
Kailas,ou,joutilaana,0,1,0,unknown,0,1,saa riippua sein{ll{ JOUTILAANA.
Kailas,au,lauman,0,1,0,S,0,1,nyt LAUMAN naamoja p{in.
Kailas,au,naurun,0,1,0,S,0,1,nyt tullut on NAURUN loppu
Kailas,au,naurun,0,1,0,S,0,1,"kun tullut on NAURUN loppu,"
Kailas,au,lammaslaumaa,0,1,0,S,0,0,mut moista en LAMMASLAUMAA
Kailas,au,lammaslauman,0,1,0,S,0,0,on ruoskana LAMMASLAUMAN
Kailas,ou,outojen,0,1,0,S,0,1,kanss' OUTOJEN ihmisten.
Kailas,{y,n{yt{tte,0,1,0,S,1,1,te N{YT{TTE kirkkaan kilven
Kailas,|y,p|yhkeillen,0,1,0,S,0,1,ja kuljette P|YHKEILLEN.
Kailas,{y,k{yt{tte,0,1,0,S,1,1,"te K{YT{TTE v{{r{{ vaakaa,"
Kailas,{y,k{ytt{en,0,1,0,S,0,1,niin K{YTT{EN v{{r{{ vaakaa
Kailas,{y,t{yten{,0,1,0,S,1,1,"kell' aina on T{YTEN{ vatsa,"
Kailas,{y,t{yten{,0,1,0,S,1,1,"jos vain oli T{YTEN{ vatsa,"
Kailas,iu,narrintiukuset,0,1,0,S,0,0,omat NARRINTIUKUSET n{in.
Kailas,|y,p|yt{{n,0,1,0,S,0,1,kun P|YT{{N ly|tiin
Kailas,{y,n{ytti,0,1,0,S,0,1,"--j{lkimm{inen tosin, kuten N{YTTI,"
Kailas,iu,hiukan,0,1,0,S,0,1,oli kieltt{m{tt{ HIUKAN hupainen.
Kailas,{y,k{yt|kseen,0,1,0,S,1,1,"rotukoiran ep{hienoon K{YT|KSEEN,"
Kailas,|y,k|yh{,0,1,0,S,0,1,"oot K|YH{, syd{mein."
Kailas,ey,pimeys,0,0,1,unknown,1,0,PIMEYS oli {{net|n ja peloittava.
Kailas,au,mustakauhtanaiset,0,1,0,unknown,1,0,niinkuin MUSTAKAUHTANAISET kulkueet.
Kailas,au,hautaan,0,1,0,unknown,0,1,saattoivatko ne HAUTAAN jotakuta?--
Kailas,{y,t{ytt{m{,0,1,0,S,0,1,t{{ kristallipullo T{YTT{M{ on.
Kailas,au,rakkauden,0,0,1,W,0,0,"se on synteesi vihan ja RAKKAUDEN,"
Kailas,au,nauru,0,1,0,S,0,1,"se on itku ja NAURU ja lepo ja ty|,"
Kailas,au,rauhoittukaa,0,1,0,S,0,1,"--hyv{t, rakkaat kuulijat, RAUHOITTUKAA:"
Kailas,ou,houretta,0,1,0,S,0,1,"n{k|harhaa, HOURETTA, tyhjyytt{ vaan"
Kailas,ou,nousta,0,1,0,unknown,1,1,on NOUSTA kylvyst{
Kailas,au,kaukana,0,1,0,unknown,0,1,KAUKANA ja korkealla
Kailas,ou,ehtoorukouksensa,0,0,1,unknown,1,0,kolmannen EHTOORUKOUKSENSA?
Kailas,au,huokaus,0,0,1,unknown,1,0,purjehtii HUOKAUS minun huulillani
Kailas,au,aurinkoja,0,1,0,unknown,0,1,valmiina ylenantamaan AURINKOJA
Kailas,au,kaipaus,0,0,1,unknown,1,0,"virittik| KAIPAUS sinulle ansan,"
Kailas,au,kukonlaulun,0,1,0,unknown,0,0,KUKONLAULUN nuottiin yhtyen
Kailas,au,nauravia,0,1,0,unknown,0,1,NAURAVIA kyyneleit{ h{mmennellen
Kailas,au,kukonlaulun,0,1,0,unknown,0,0,"h{n veisasi aariaa KUKONLAULUN noottiin,"
Kailas,au,auttaa,0,1,0,S,1,1,"sorti, kun sen AUTTAA piti."
Kailas,ey,viileydell{,0,0,1,W,0,0,maa VIILEYDELL{ ja tuoksulla 
Kailas,iu,siunataan,0,1,0,S,0,1,ja tuoksulla SIUNATAAN.
Kailas,au,aurinko,0,1,0,S,0,1,"viel' AURINKO, l{nnen ruhtinas, s{tein kirkkain"
Kailas,ey,leyhkin{,0,1,0,S,1,1,"tuuli viel{ LEYHKIN{ lyhk{isin{,"
Kailas,au,kaukaisimmilta,0,1,0,S,0,1,meren KAUKAISIMMILTA {{rilt{ tullessaan.
Kailas,au,rauha,0,1,0,S,0,1,syv{ RAUHA ja 
Kailas,au,hartaus,0,0,1,W,1,0,ja HARTAUS 
Kailas,iu,siunaus,0,1,0,S,0,1,hedelm|itt{v{ on jo sen SIUNAUS hiljaisin.
Kailas,au,rauha,0,1,0,S,0,1,miten RAUHA ja 
Kailas,au,hartaus,0,0,1,W,1,0,ja HARTAUS 
Kailas,au,auringottomina,0,1,0,unknown,0,1,AURINGOTTOMINA hetkin{
Kailas,au,viisautta,0,0,1,unknown,1,0,ja opettanut minulle paljon VIISAUTTA
Kailas,|y,n|yrin,0,1,0,S,1,1,tuhat y|t{ jo N|YRIN syd{min
Kailas,au,sirkkalaumojaan,0,1,0,S,0,0,"rikos siitteli SIRKKALAUMOJAAN,"
Kailas,|y,n|yr{t,0,1,0,S,1,1,"ja, joilla on N|YR{T syd{met,"
Kailas,iu,hiukoin,0,1,0,S,0,1,vain pienin HIUKOIN.
Kailas,iu,niukoin,0,1,0,S,0,1,ja vett{ NIUKOIN.
Kailas,iu,kiukusta,0,1,0,S,0,1,"se KIUKUSTA puhkaa,"
Kailas,au,hauraan,0,1,0,S,0,1,"minut, heikon ja HAURAAN,"
Kailas,{y,k{ynyt,0,1,0,S,1,1,"on K{YNYT k{rsimyksenpolkuaan,"
Kailas,au,auringon,0,1,0,S,0,1,AURINGON lailla?
Kailas,ou,nousee,0,1,0,S,0,1,kuvat NOUSEE kuin kukat 
Kailas,au,auki,0,1,0,S,0,1,kuin AUKI l|is lumolinnan ukset
Kailas,au,auringon,0,1,0,S,0,1,s{des{ihky{ {itimme AURINGON.
Kailas,ou,outoa,0,1,0,S,0,1,"--et tuntenut OUTOA v{ristyst{,"
Kailas,{y,k{yt,0,1,0,W,1,1,K{YT hetkess{ vieraaks itselles
Kailas,au,lausuikaan,0,1,0,S,0,1,ken mulle LAUSUIKAAN sanan pienen sen.
Kailas,au,kaipauksen,0,0,1,unknown,1,0,tuskassa polttavan KAIPAUKSEN
Kailas,au,kuiskaus,0,0,1,unknown,1,0,"se tulee niinkuin KUISKAUS,"
Kailas,ey,imeytyy,0,0,1,unknown,0,0,joka polttavana riemuna IMEYTYY vereen.
Kailas,|y,p|yd{ll{ni,0,1,0,S,1,1,pelk{{n k{tt{ P|YD{LL{NI.
Kailas,eu,laskeutuin,0,0,1,W,0,0,meren yllekin LASKEUTUIN sek{ laaksoihin.
Kailas,ou,kaste-rukouksia,1,0,0,WS,1,0,nyt KASTE-RUKOUKSIA parahiltaan.
Kailas,ey,pimeys,0,0,1,W,1,0,"maanpiiri{ PIMEYS ymp{r|i,"
Kailas,{y,t{ytt{{,0,1,0,S,0,1,koet sent{{n T{YTT{{
Kailas,au,kaukaisilla,0,1,0,S,0,1,ja kaiku vastaa vuorilla KAUKAISILLA.
Kailas,au,siunaus,0,0,1,W,1,0,hedelm|itt{v{ on jo sen SIUNAUS hiljaisin.
Kailas,ou,toukokuussa,0,1,0,S,0,1,kuin kukat TOUKOKUUSSA.
Kailas,au,lausuikaan,0,1,0,S,0,1,ken mulle LAUSUIKAAN sanan pienen sen.
Erkko,eu,korkeutta,0,1,0,W,1,0,koetella KORKEUTTA:
Kailas,au,kaunista,0,1,0,S,0,1,KAUNISTA untani n{hden.
Kailas,au,kauniin,0,1,0,S,0,1,KAUNIIN t{hden.
Kailas,au,laulajan,0,1,0,S,0,1,ylv{s on LAULAJAN latu:
Kailas,au,laulua,0,1,0,S,0,1,LAULUA
Kailas,{y,t{yttymyksen,0,1,0,unknown,0,1,vavahtaa niinkuin T{YTTYMYKSEN edess{
Kailas,iu,siunaten,0,1,0,S,0,1,SIUNATEN 
Hellaakoski,{y,k{ytiin,0,1,0,S,0,1,kun K{YTIIN katkera kostontie.
Hellaakoski,iu,viuhuen,0,1,0,S,0,1,kas VIUHUEN tuorehet tuulet 
Hellaakoski,au,rautaisiin,0,1,0,S,0,1,ly| iskusi uksihin RAUTAISIIN!
Hellaakoski,ou,toukokuu,0,1,0,S,0,1,--on TOUKOKUU.
Hellaakoski,ou,toukokuu,0,1,0,S,0,1,--on TOUKOKUU.
Hellaakoski,{y,k{yv{t,0,1,0,S,1,1,ne hiipien K{YV{T.
Hellaakoski,au,laulajat,0,1,0,S,0,1,LAULAJAT tyhjill{ oksilla v{risev{t.
Hellaakoski,ou,toukoja,0,1,0,S,0,1,kev{h{n hallat paljon TOUKOJA l|iv{t.
Hellaakoski,ou,toukokuu,0,1,0,S,0,1,--on TOUKOKUU.
Hellaakoski,au,kauhuissani,0,1,0,S,0,1,her{t{ voin KAUHUISSANI.----
Hellaakoski,iu,Kiurun,0,1,0,S,0,1,jo korvani KIURUN kuuli.
Hellaakoski,{y,k{yn,0,1,0,W,1,1,K{YN kev{tt{ katsomaan.
Hellaakoski,{y,k{yn,0,1,0,W,1,1,"K{YN hiljaa, kurkkien."
Hellaakoski,au,Aution,0,1,0,S,0,1,lumiaavikon AUTION n{in.
Hellaakoski,{y,k{yv{t,0,1,0,S,1,1,ja kohisten K{YV{T veet.
Hellaakoski,au,raivausty|t{{n,0,0,1,W,1,0,talven tekev{n RAIVAUSTY|T{{N.
Hellaakoski,iu,hiukkasen,0,1,0,S,1,1,"vain HIUKKASEN siirtyv{t siit{,"
Hellaakoski,eu,neuvoen,0,1,0,S,0,1,"mua NEUVOEN, opastaen"
Hellaakoski,eu,neulansilm{nportin,0,1,0,S,0,1,kun NEULANSILM{NPORTIN
Hellaakoski,au,nautinto,0,1,0,S,0,1,se NAUTINTO suotakoon.
Hellaakoski,eu,kateus,0,0,1,W,1,0,"ei KATEUS mielt{ni paina,"
Hellaakoski,{y,k{yn,0,1,0,W,1,1,K{YN etehen tuomareitten
Hellaakoski,{y,n{yt{n,0,1,0,S,1,1,min{ k{teni tyhj{t N{YT{N.
Hellaakoski,|y,k|yh{n{,0,1,0,S,1,1,olen K|YH{N{ edess{s.
Hellaakoski,au,rakkaus,0,0,1,W,1,0,miten RAKKAUS villitsee.
Hellaakoski,au,lauloi,0,1,0,S,0,1,ja LAULOI menness{{n.
Hellaakoski,au,laulelee,0,1,0,S,0,1,ja toiset LAULELEE.
Hellaakoski,iu,tiukkaan,0,1,0,S,1,1,silmin TIUKKAAN j{nnitetyin
Hellaakoski,{y,k{yd{,0,1,0,S,0,1,aijon K{YD{ n{in
Hellaakoski,ou,kourihin,0,1,0,S,0,1,j{i vain KOURIHIN
Hellaakoski,ou,joudut,0,1,0,S,0,1,JOUDUT n{ihin k{p{l|ihin
Hellaakoski,au,auttajas,0,1,0,S,1,1,vaikk' ois AUTTAJAS
Hellaakoski,{y,n{yt{n,0,1,0,S,1,1,"N{YT{N muotos maailmalle,"
Hellaakoski,ou,nousemattani,0,1,0,S,0,1,NOUSEMATTANI lankeen
Hellaakoski,au,autioon,0,1,0,S,0,1,y|h|n AUTIOON.
Hellaakoski,{y,k{yk||n,0,1,0,S,0,1,K{YK||N niin. 
Hellaakoski,{y,k{yk||n,0,1,0,S,0,1,niin. K{YK||N n{in.
Hellaakoski,au,aurinko,0,1,0,S,0,1,"ah AURINKO kallis syksyinen,"
Hellaakoski,au,kaukaisessa,0,1,0,S,0,1,satumaassa KAUKAISESSA
Hellaakoski,au,salarauhassa,0,1,0,S,0,0,"SALARAUHASSA, katvehessa."
Hellaakoski,ou,kirous,1,0,0,WS,1,0,pois viskas. kuolo ja KIROUS!
Hellaakoski,|y,n|yrtyy,0,1,0,S,0,1,joko N|YRTYY taikka ly| leikiks vainen.
Hellaakoski,|y,n|yrryn,0,1,0,S,0,1,ma N|YRRYN etehen polvies
Hellaakoski,ou,houre,0,1,0,S,0,1,"tai sairaan n{ky, HOURE humalaisen."
Hellaakoski,au,kaukaisen,0,1,0,S,0,1,kirkunan KAUKAISEN.
Hellaakoski,|y,l|yd{n,0,1,0,S,1,1,jos L|YD{N----tuossa on syd{mes
Hellaakoski,ou,kuumehoureisen,0,1,0,S,0,0,"raskaan, KUUMEHOUREISEN p{{n?"
Hellaakoski,au,auringon,0,1,0,S,0,1,AURINGON kylm{t s{teet lankee viistoon.
Hellaakoski,ou,toukokuu,0,1,0,S,0,1,--on TOUKOKUU.
Hellaakoski,au,kaukaa,0,1,0,S,0,1,jo KAUKAA {{net kuulen
Hellaakoski,|y,h|yry{v{t,0,1,0,S,0,1,niin hanget H|YRY{V{T.
Hellaakoski,|y,k|yh{,0,1,0,S,0,1,ja kuolla kuin K|YH{ mies.
Hellaakoski,au,leimaus,0,0,1,W,1,0,ja villi on LEIMAUS katseessas.--
Hellaakoski,{y,k{yv{t,0,1,0,S,1,1,n{in toiset tiet{ K{YV{T
Hellaakoski,au,rautav|ihin,0,1,0,S,0,1,kerta viel{ RAUTAV|IHIN
Hellaakoski,|y,l|ysin,0,1,0,S,1,1,etsin. ja L|YSIN tieni.
Hellaakoski,au,syysaurinko,0,0,1,unknown,0,0,5 SYYSAURINKO
Hellaakoski,ou,soudeltiin,0,1,0,S,0,1,h{myhetkin{ SOUDELTIIN
Hellaakoski,au,kautta,0,1,0,S,1,1,se kiipesi KAUTTA taivaan
Hellaakoski,au,raukan,0,1,0,S,0,1,s|i poskeensa RAUKAN sen.
Hellaakoski,{y,n{ytt{{k|,0,1,0,S,0,1,se N{YTT{{K| hymyyv{n!
Hellaakoski,au,jumalaut,0,1,0,S,1,0,"JUMALAUT, eip{ paljon muuta,"
Hellaakoski,au,kirkkaus,1,0,0,WS,1,0,mua kyll{stytt{{ taivaan KIRKKAUS.
Hellaakoski,ou,mouruaa,0,1,0,S,0,1,ja s{ngyss' itseksens{ MOURUAA
Hellaakoski,au,laulu,0,1,0,S,0,1,"y|rastaan LAULU takaa kukkulain,"
Hellaakoski,au,haukutaan,0,1,0,S,0,1,nyt _varis_ HAUKUTAAN. ja raivokkaat
Hellaakoski,ou,ulkoutuu,0,1,0,W,0,0,ja pursi nytk{ht{{ ja ULKOUTUU.
Hellaakoski,ou,rouvineen,0,1,0,S,0,1,ja k{ki toraisine ROUVINEEN
Hellaakoski,{y,t{ytt{{,0,1,0,S,0,1,nukkujat T{YTT{{ jok'ainoan penkin.
Hellaakoski,au,aurinko,0,1,0,S,0,1,"silloin her{{t. kas, AURINKO paahtaa"
Hellaakoski,{y,n{ytt{v{t,0,1,0,S,0,1,pitk{{ nen{{ N{YTT{V{T. tiehen
Hellaakoski,{y,t{ytyy,0,1,0,S,0,1,"T{YTYY sun, vakavan miehen"
Hellaakoski,au,nauraa,0,1,0,S,0,1,--NAURAA 
Hellaakoski,au,laulu,0,1,0,S,0,1,LAULU 
Hellaakoski,au,autuaassa,0,1,0,S,0,1,humalassa AUTUAASSA
Hellaakoski,{y,k{yk{{,0,1,0,S,0,1,sinne K{YK{{ k{rsiv{iset
Hellaakoski,au,laulu,0,1,0,S,0,1,LAULU 
Hellaakoski,au,laulakaa,0,1,0,S,0,1,LAULAKAA
Hellaakoski,au,naurua,0,1,0,S,0,1,siit' ehk{ NAURUA saamme
Hellaakoski,{y,k{yd{,0,1,0,S,0,1,K{YD{ voin mut en voi seista.
Hellaakoski,au,auton,0,1,0,S,0,1,kuuluu AUTON ammahduski.
Hellaakoski,au,kaunehia,0,1,0,S,0,1,paljon tunnen KAUNEHIA
Hellaakoski,au,laukkasi,0,1,0,S,1,1,LAUKKASI viimeisen
Hellaakoski,ou,joukko,0,1,0,S,1,1,kahvipannuja JOUKKO l|rp|tt{{
Hellaakoski,iu,kiukahalla,0,1,0,S,0,1,"pihisten, poristen kuumalla KIUKAHALLA."
Hellaakoski,ou,nouseppa,0,1,0,S,0,1,NOUSEPPA tytt| naapurin.
Hellaakoski,|y,l|yt{{,0,1,0,S,0,1,L|YT{{ morsion hiljaisen.
Hellaakoski,au,viisautta,1,0,0,WS,1,0,luojan VIISAUTTA ihmetell{.
Hellaakoski,eu,laskeutuupi,0,1,0,W,0,0,LASKEUTUUPI paistain kes{isen{{n
Hellaakoski,au,hautuu,0,1,0,S,0,1,jotta HAUTUU ihmislapsen luut.
Hellaakoski,au,nautinnolla,0,1,0,S,0,1,"makaa, herttaisella NAUTINNOLLA"
Hellaakoski,au,kaukaa,0,1,0,S,0,1,piika maija vain. ja KAUKAA soivat
Hellaakoski,au,auvennutta,0,1,0,S,0,1,"tukkaa, AUVENNUTTA kahakassa"
Hellaakoski,au,laulaa,0,1,0,S,0,1,koriasti LAULAA rimputtaa.
Hellaakoski,au,laulajaa,0,1,0,S,0,1,koivuhun kohti LAULAJAA.
Hellaakoski,au,kautta,0,1,0,S,1,1,"KAUTTA pohjanmaan,"
Hellaakoski,eu,seuran,0,1,0,S,0,1,pyh{isn{ iltana SEURAN
Hellaakoski,|y,h|yhennetty,0,1,0,S,1,1,monet on H|YHENNETTY
Hellaakoski,{y,hypp{yksell{,0,0,1,W,0,0,yhdell{ HYPP{YKSELL{
Hellaakoski,au,paukautti,0,1,0,S,0,1,"loikkasi, PAUKAUTTI yhteen"
Hellaakoski,ou,kouransa,0,1,0,S,0,1,suuret KOURANSA h{n
Hellaakoski,{y,t{yt{mme,0,1,0,S,1,1,T{YT{MME maailman lapsillamme.
Hellaakoski,ou,runoutta,1,0,0,WS,1,0,luin paljon RUNOUTTA siihen aikaan
Hellaakoski,au,tauti,0,1,0,S,0,1,TAUTI {kki{ vois
Hellaakoski,eu,sulkeutuis,0,1,0,W,0,0,SULKEUTUIS r{m{ht{in.
Hellaakoski,ou,joukkoon,0,1,0,S,1,1,takaisin JOUKKOON
Hellaakoski,au,vuoskautisen,0,1,0,S,0,0,VUOSKAUTISEN katumuksen
Hellaakoski,au,manaukset,1,0,0,WS,1,0,soi MANAUKSET korvissani mun.
Hellaakoski,au,kaukana,0,1,0,S,0,1,viimeiseen jok' on KAUKANA tuolla.
Hellaakoski,au,laulakaa,0,1,0,S,0,1,LAULAKAA.
Hellaakoski,iu,liukkahasti,0,1,0,S,1,1,me aina LIUKKAHASTI
Hellaakoski,au,lauselmia,0,1,0,S,0,1,sanoja ja LAUSELMIA.
Hellaakoski,iu,kiukaalta,0,1,0,S,0,1,"KIUKAALTA lempe{n, l{mpim{n pihin{n kuuli."
Hellaakoski,au,aurinkoinen,0,1,0,S,0,1,AURINKOINEN kaivonvintin nen{{n
Hellaakoski,ou,oudon,0,1,0,S,0,1,OUDON himon. ranttehelle h{n
Hellaakoski,au,kauhistui,0,1,0,S,0,1,KAUHISTUI kyl{n naiset.
Hellaakoski,au,paukautti,0,1,0,W,1,0,"loikkasi, PAUKAUTTI yhteen"
Hellaakoski,ou,joutuisit,0,1,0,S,0,1,JOUTUISIT takaisin 
Hellaakoski,au,laulaa,0,1,0,S,0,1,nyt LAULAA saan.
Hellaakoski,iu,liukkahat,0,1,0,S,1,1,ne kun on niin LIUKKAHAT
Hellaakoski,ou,houkkio,0,1,0,S,1,1,ties mist{ se moinen HOUKKIO 
Hellaakoski,ou,touvaa,0,1,0,S,0,1,TOUVAA
Hellaakoski,ou,pouvaa,0,1,0,S,0,1,ja mit{ sen p{{h{n milloinkin POUVAA.
Hellaakoski,au,rauhassa,0,1,0,S,0,1,ei RAUHASSA anna sun nukkua untas.
Hellaakoski,|y,p|yd{ll{ni,0,1,0,S,1,1,siin' on puukko P|YD{LL{NI.
Hellaakoski,au,laulun,0,1,0,S,0,1,tekasenpa LAULUN tuosta.
Hellaakoski,{y,t{ytyy,0,1,0,S,0,1,usein T{YTYY 
Hellaakoski,au,laulajalla,0,1,0,S,0,1,LAULAJALLA
Hellaakoski,au,sauhun,0,1,0,S,0,1,SAUHUN 
Hellaakoski,au,sauhun,0,1,0,S,0,1,"SAUHUN, niin sen "
Hellaakoski,ou,nousta,0,1,0,S,1,1,", niin sen NOUSTA "
Hellaakoski,{y,t{ytyy,0,1,0,S,0,1,T{YTYY
Hellaakoski,ou,nouskoon,0,1,0,S,1,1,niin nyt NOUSKOON 
Hellaakoski,au,auttajilla,0,1,0,S,1,1,AUTTAJILLA molemmilla:
Hellaakoski,{y,k{ypi,0,1,0,S,0,1,lyhemm{ksi kyn{ K{YPI
Hellaakoski,ou,joutuisitpa,0,1,0,S,0,1,JOUTUISITPA aika myllyyn
Hellaakoski,au,rauhan,0,1,0,S,0,1,saa saappahani RAUHAN--luulen sen
Hellaakoski,{y,t{yttyisi,0,1,0,S,0,1,"jos mun tahtoni T{YTTYISI,"
Hellaakoski,{y,k{yr{p{iset,0,1,0,S,1,1,"pienet K{YR{P{ISET,"
Hellaakoski,au,naurun,0,1,0,S,0,1,mutta klovnin NAURUN silm{kulmaan?
Hellaakoski,au,vapauden,0,1,0,W,0,0,"is{ {lyn, henki VAPAUDEN,"
Hellaakoski,au,naurat,0,1,0,S,0,1,miksi NAURAT ilkkuin itsellesi?
Hellaakoski,au,naurat,0,1,0,S,0,1,"NAURAT, "
Hellaakoski,au,naurat,0,1,0,S,0,1,", NAURAT"
Leino,au,vastausta,1,0,0,WS,1,0,VASTAUSTA ei v{hint{.
Hellaakoski,au,haudassa,0,1,0,S,0,1,ne vihaansa ei edes HAUDASSA heit{.
Hellaakoski,ou,rouvalles,0,1,0,S,0,1,jos lahtari lihat sun ROUVALLES
Hellaakoski,ou,nousta,0,1,0,S,1,1,NOUSTA taivahalle.
Hellaakoski,au,sauhu,0,1,0,S,0,1,"SAUHU musta,"
Hellaakoski,{y,t{ytyy,0,1,0,S,0,1,kun T{YTYY olla hiljaa.
Hellaakoski,{y,t{yteen,0,1,0,S,0,1,ilmaa T{YTEEN puhallat.
Koskenniemi,|y,k|yh{n,0,1,0,S,1,1,varaan jonkun K|YH{N muiston.
Koskenniemi,au,vapauteen,0,1,0,W,0,0,yli kattoin ylh{{n VAPAUTEEN.
Koskenniemi,au,kaupungissa,0,1,0,S,0,1,ma vierahassa KAUPUNGISSA 
Koskenniemi,{y,k{yn,0,1,0,S,1,1,K{YN
Koskenniemi,{y,n{yn,0,1,0,S,1,1,"kuin lapsi ajamana unten N{YN,"
Koskenniemi,ou,outoin,0,1,0,S,0,1,ma astun ohi OUTOIN talojen.
Koskenniemi,au,kaupungissa,0,1,0,S,0,1,ma vierahassa KAUPUNGISSA 
Koskenniemi,{y,k{yn,0,1,0,S,1,1,K{YN.
Koskenniemi,au,laulut,0,1,0,S,0,1,"ja puiston puissa kaikki LAULUT nukkuu,"
Koskenniemi,au,laulajat,1,0,0,S,0,1,"poissa kaikki LAULAJAT on puiston,"
Koskenniemi,au,armautta,1,0,0,WS,1,0,onnen ARMAUTTA el{m{{n
Koskenniemi,au,kaupungin,0,1,0,S,0,1,n{in astun KAUPUNGIN ma {{reen asti
Koskenniemi,au,autioina,0,1,0,S,0,1,on AUTIOINA kadut keskiy|n.
Koskenniemi,ou,oudot,0,1,0,S,0,1,"niin OUDOT {{net y|ss{ kumajavat,"
Koskenniemi,au,kaupunki,0,1,0,S,0,1,ja KAUPUNKI ois asukkaita vailla
Koskenniemi,ou,mielihoure,0,1,0,S,0,0,"sairaan MIELIHOURE, lasten satu"
Koskenniemi,eu,korkeudesta,0,1,0,W,0,0,"i{isyyden KORKEUDESTA kuolon y|,"
Koskenniemi,{y,t{yttyy,0,1,0,S,0,1,T{YTTYY heikon sukukunnan suuri kaipuu.
Koskenniemi,au,autioin,0,1,0,S,0,1,"takaa aavain kuolonkylm{in, AUTIOIN"
Koskenniemi,au,kaupunkeja,0,1,0,S,0,1,"KAUPUNKEJA, jotka kuolleet on jo ammoin."
Koskenniemi,au,kauneutta,0,1,0,S,0,1,ja KAUNEUTTA ik{v|i
Koskenniemi,au,auki,0,1,0,S,0,1,ja kaikki l{hteet AUKI saa
Koskenniemi,ou,roudan,0,1,0,S,0,1,nyt j{{n ja ROUDAN alta
Koskenniemi,au,auringon,0,1,0,S,0,1,"n{{, oi mun sieluni, AURINGON korkea "
Koskenniemi,ou,nousu,0,1,0,S,0,1,korkea NOUSU
Koskenniemi,au,kaupungin,0,1,0,S,0,1,"ylitse kivisen KAUPUNGIN kattojen, katuin,"
Koskenniemi,au,autuus,0,1,0,S,0,1,"n{{, oi mun sieluni, katoovan el{m{n AUTUUS!"
Koskenniemi,au,kirkkaus,0,1,0,W,1,0,"n{{, oi mun sieluni, y|ss{kin korkehin KIRKKAUS,"
Koskenniemi,au,rauha,0,1,0,S,0,1,"tuskassa tummien hetkien RAUHA ja riemu,"
Koskenniemi,au,laulu,0,1,0,S,0,1,"siell' on lintujen LAULU, mi lehdossa soi,"
Koskenniemi,{y,n{yn,0,1,0,S,1,1,"ja mun sieluni silmin ma n{{n sen N{YN,"
Koskenniemi,{y,k{ynyt,0,1,0,S,1,1,ja mun huoneeni K{YNYT on ahtahaks
Koskenniemi,au,rauhani,0,1,0,S,0,1,kai silloin mun RAUHANI palaa
Koskenniemi,au,laula,0,1,0,S,0,1,LAULA mulle 
Koskenniemi,au,laulut,0,1,0,S,0,1,"mulle LAULUT nuoruuteni,"
Koskenniemi,ou,nousee,0,1,0,S,0,1,"y| kun NOUSEE yli kattojen,"
Koskenniemi,au,laula,0,1,0,S,0,1,"LAULA p{iv{n valosta, mi haipuu"
Koskenniemi,au,laula,0,1,0,S,0,1,LAULA v{synehen rinnan kaipuu
Koskenniemi,iu,hiutaleet,0,1,0,S,0,1,{{rilt{ harmajan taivaan pehme{t HIUTALEET lent{{.
Koskenniemi,au,laulujen,0,1,0,S,0,1,kaiut nyt LAULUJEN ei kiirien katuja 
Koskenniemi,au,raukeat,0,1,0,S,0,1,tornista laskevat vain tylyt ly|nnit RAUKEAT tunnit
Koskenniemi,au,kaukaa,0,1,0,S,0,1,"KAUKAA kuin {{relt{ y|n, miss{ ei eloa oo."
Koskenniemi,au,ikkunalautaan,0,1,0,S,0,0,linnut IKKUNALAUTAAN ly|: tutut rakkahat henget
Koskenniemi,ou,nousee,0,1,0,S,0,1,"ja kuinka varjot y|ss{ NOUSEE, haipuu"
Koskenniemi,au,laulun,0,1,0,S,0,1,"h{n soittaa, soittaa LAULUN hurjan-villin"
Koskenniemi,au,faun,0,1,0,W,1,1,FAUN vanha yksin saloin sokkeloissa
Koskenniemi,eu,reunamalle,0,1,0,S,0,1,"h{n kulkee |isen l{hteen REUNAMALLE,"
Koskenniemi,au,lauhat,0,1,0,S,0,1,niin LAUHAT aamutuulet hengitt{v{t.
Koskenniemi,ou,oudot,0,1,0,S,0,1,"OUDOT aavehet nyt aron santaa,"
Koskenniemi,ou,oudon-riemuitsevin,0,1,0,S,0,1,ja urhot OUDON-RIEMUITSEVIN rinnoin
Koskenniemi,{y,k{yskelee,0,1,0,S,0,1,kuin lemmenkisaan mennen K{YSKELEE.
Koskenniemi,au,aukenee,0,1,0,S,0,1,ja meri aavistuksin AUKENEE
Koskenniemi,au,aurinkoa,0,1,0,S,0,1,"ja riemuin AURINKOA, armastasi,"
Koskenniemi,au,kautta,0,1,0,S,1,1,sa KAUTTA t{htitarhain kulkeissasi
Koskenniemi,au,kaukomaille,0,1,0,S,0,1,taas katoot KAUKOMAILLE kulkuhun.
Koskenniemi,au,haudaten,0,1,0,S,0,1,sen niinkuin meri alleen HAUDATEN.
Koskenniemi,{y,k{ynyt,0,1,0,S,1,1,mun on kuin kuolema ois K{YNYT mailla
Koskenniemi,ou,nousee,0,1,0,S,0,1,"kerran kylm{t, tylyt t{hdet NOUSEE vuotain verta"
Koskenniemi,eu,kauneutta,1,0,0,WS,1,0,ja KAUNEUTTA ik{v|i
Koskenniemi,au,kirkkaus,0,1,0,W,1,0,koittava KIRKKAUS!
Koskenniemi,au,hartaus,0,1,0,W,1,0,alla sen holvien on ikiaikojen {{net|n HARTAUS
Koskenniemi,{y,k{yn,0,1,0,S,1,1,"salot, vihre{t mets{t, jos katuja K{YN,"
Koskenniemi,au,pauhinan,0,1,0,S,0,1,"ja kun y| sen PAUHINAN poistaa,"
Koskenniemi,au,kaupunki,0,1,0,S,0,1,"KAUPUNKI {{neti on, tauonnut taisto ja ty|."
Koskenniemi,au,rauhaanne,0,1,0,S,0,1,"luoksenne saapuva oon, RAUHAANNE varjojen luo"
Koskenniemi,ou,oudon,0,1,0,S,0,1,"h{n tuntee OUDON odotuksen pelon,"
Koskenniemi,au,kaukomailla,0,1,0,S,0,1,sa kauan KAUKOMAILLA oltuasi
Koskenniemi,{y,j{yt{{,0,1,0,S,0,1,"sun, jota sy|pi viha, J{YT{{ lempi,"
Koskenniemi,au,Aukee,0,1,0,S,0,1,oi katso: AUKEE unhon {{ret syv{t
Koskenniemi,au,raukenet,0,1,0,S,0,1,ja pyh{{n hiljaisuuteen RAUKENET
Koskenniemi,au,laulu,0,1,0,S,0,1,sen teki kumma LAULU 
Koskenniemi,au,laulamas,0,1,0,S,0,1,"LAULAMAS,"
Koskenniemi,iu,riutuu,0,1,0,S,0,1,h{n RIUTUU
Koskenniemi,au,Aukee,0,1,0,S,0,1,"nyt AUKEE satusaaret suuret, aavat,"
Koskenniemi,au,raukee,0,1,0,S,0,1,"nyt RAUKEE arkielon mittakaavat,"
Koskenniemi,au,Aukee,0,1,0,S,0,1,nyt AUKEE kaikki vanhat syd{nhaavat
Koskenniemi,{y,t{ys,0,1,0,S,1,1,"tule armaani mun luokseni, niin T{YS on syd{mein,"
Koskenniemi,ou,noussut,0,1,0,S,1,1,my|hemmin on NOUSSUT aamun koi.
Koskenniemi,au,kauneutesi,0,1,0,S,0,1,"sieluni miks KAUNEUTESI keksi,"
Koskenniemi,ou,outoja,0,1,0,S,0,1,mut OUTOJA vain ymp{rill{in n{en
Koskenniemi,au,aurinkoinen,0,1,0,S,0,1,"ja AURINKOINEN onnes, "
Koskenniemi,au,rauhaton,0,1,0,S,0,1,"on rintansa synkk{ ja RAUHATON,"
Koskenniemi,ou,nousevat,0,1,0,S,0,1,ne NOUSEVAT herraansa vastaan.
Koskenniemi,au,kaunista,0,1,0,S,0,1,kovin KAUNISTA n{hnyt on unta:
Koskenniemi,{y,katuk{yt{v{{,0,1,0,S,1,0,"h{n astuu KATUK{YT{V{{, on synkkyys silmiss{ns{."
Koskenniemi,au,turkinkaulan,0,1,0,S,0,0,ja TURKINKAULAN pystyhyn he k{{nt{{
Koskenniemi,|y,k|yh{n,0,1,0,S,1,1,"niin, K|YH{N lapset -- eilett{in jo viime palan sai ne,"
Koskenniemi,ou,nousee,0,1,0,S,0,1,p{in taivaankantta NOUSEE yl|s uhrisavu pyh{
Koskenniemi,au,huokaukset,1,0,0,WS,1,0,"soi HUOKAUKSET, joit' ei kukaan kuullut"
Koskenniemi,au,haudoillansa,0,1,0,S,0,1,nyt kasvaa heid{n HAUDOILLANSA ter{is{t{ viljaa
Koskenniemi,ou,nousee,0,1,0,S,0,1,ja valonjuovat taivahalla NOUSEE ajan y|st{
Koskenniemi,au,kauniit,0,1,0,S,0,1,ja KAUNIIT hengenlaihot it{{ isiemme ty|st{.
Koskenniemi,{y,k{ypi,0,1,0,S,0,1,niin K{YPI taru 
Koskenniemi,iu,petronius,0,0,1,unknown,1,0,PETRONIUS:
Koskenniemi,au,laulaa,0,1,0,S,0,1,"neero LAULAA, neero "
Koskenniemi,au,laulaa,0,1,0,S,0,1,", neero LAULAA,"
Koskenniemi,au,kaulaa,0,1,0,S,0,1,"kauas kurkoittavi KAULAA,"
Koskenniemi,au,laulaa,0,1,0,S,0,1,noin ei kukaan LAULAA voi. --
Koskenniemi,au,lauluansa,0,1,0,S,0,1,"LAULUANSA,"
Koskenniemi,au,laulaa,0,1,0,S,0,1,noin ei kukaan LAULAA voi.
Koskenniemi,au,kauhistuupi,0,1,0,S,0,1,KAUHISTUUPI suuri caesar.
Koskenniemi,au,naulitkaa,0,1,0,S,0,1,ristinpuuhun NAULITKAA.
Koskenniemi,au,rauhan,0,1,0,S,0,1,RAUHAN jalo caesar saa.
Koskenniemi,au,aukaisseet,0,1,0,S,0,1,he aattehelle AUKAISSEET on teit{.
Koskenniemi,eu,seuraa,0,1,0,S,0,1,"mut kansan sadatukset SEURAA heit{,"
Koskenniemi,au,suurkaupungin,0,1,0,S,0,0,"SUURKAUPUNGIN ma humuhun ja huoleen,"
Koskenniemi,eu,Lakeutta,1,0,0,WS,1,0,vei tieni LAKEUTTA laajaa kohti
Koskenniemi,eu,seudun,0,1,0,S,0,1,"n{in karun SEUDUN pelloks kuokituksi,"
Koskenniemi,eu,lakeuden,1,0,0,WS,0,0,"n{in LAKEUDEN loputtoman alan,"
Koskenniemi,au,rikkaudet,1,0,0,WS,0,0,"ja suuret RIKKAUDET, salon suomat,"
Koskenniemi,eu,seutu,0,1,0,S,0,1,miss' SEUTU 
Koskenniemi,au,kauneutta,0,1,0,S,0,1,"ja tyynt{ KAUNEUTTA, luonnon luomaa."
Koskenniemi,ou,outona,0,1,0,S,0,1,"muille OUTONA kuin unissansa,"
Koskenniemi,{y,k{ynyt,0,1,0,S,1,1,kaikki on niin hiljaiseksi K{YNYT:
Koskenniemi,eu,kauneutesi,0,1,0,W,0,0,"sieluni miks KAUNEUTESI keksi,"
Koskenniemi,au,rauha,0,1,0,S,0,1,i{inen RAUHA on mailla.
Koskenniemi,au,pauhinasta,0,1,0,S,0,1,mut tehtaan uunin {{relt{ ja py|r{n PAUHINASTA
Koskenniemi,ou,nousennasta,0,1,0,S,0,1,taru NOUSENNASTA suomen.
Koskenniemi,au,laulaa,0,1,0,S,0,1,neero LAULAA 
Koskenniemi,au,kuiskaukset,1,0,0,WS,1,0,"KUISKAUKSET vaikeneepi,"
Koskenniemi,au,vapautensa,0,1,0,W,0,0,ja kuinka rinta taasen VAPAUTENSA
Koskenniemi,{y,t{ynn{ns{,0,1,0,S,0,1,T{YNN{NS{ on unelmoita
Koskenniemi,eu,kauneutta,1,0,0,WS,1,0,"ja tyynt{ KAUNEUTTA, luonnon luomaa."
Koskenniemi,{y,k{yv{,0,1,0,S,0,1,"se teill{ maailman on K{YV{ milloin,"
Koskenniemi,au,kaupungin,0,1,0,S,0,1,ja suuren KAUPUNGIN kun 
Koskenniemi,au,pauhinassa,0,1,0,S,0,1,kun PAUHINASSA
Koskenniemi,au,laulavat,0,1,0,S,0,1,laineet LAULAVAT
Koskenniemi,ou,louhikoita,0,1,0,S,0,1,"ly|t kohden sa LOUHIKOITA,"
Koskenniemi,ou,nousee,0,1,0,S,0,1,"nyt sumu harmaa NOUSEE korven soissa,"
Koskenniemi,eu,seudun,0,1,0,S,0,1,"se SEUDUN vaippahansa verhoaa,"
Koskenniemi,au,voittolauleloissa,0,1,0,S,0,0,nyt synk{n syksyn VOITTOLAULELOISSA.
Koskenniemi,ou,oudon,0,1,0,S,0,1,sun OUDON yksin{iseen kuoroos liittyin.
Koskenniemi,eu,lakeus,1,0,0,WS,1,0,"oi LAKEUS, sun unes kuolonkovat,"
Koskenniemi,eu,korkeutehen,0,1,0,W,0,0,"jotk' kylm{{n KORKEUTEHEN kohoaa,"
Koskenniemi,au,rauhaas,0,1,0,S,0,1,sun RAUHAAS lemmin kuin en muuta mit{{n
Koskenniemi,ey,tyyneytt{,1,0,0,WS,1,0,"ja tahdon TYYNEYTT{ otsallasi,"
Koskenniemi,{y,k{ynyt,0,1,0,S,1,1,ja el{m{ on lepoon K{YNYT pitk{{n laihoon.
Koskenniemi,au,kirkkautes,0,1,0,W,0,0,"vai onko suuri KIRKKAUTES vain kes{n laina,"
Koskenniemi,au,hartauteen,0,1,0,W,0,0,y|n HARTAUTEEN vain hetkiseksi hellinnyt
Koskenniemi,{y,t{ydet,0,1,0,S,1,1,syksyn T{YDET t{hk{t unelmoivat.
Koskenniemi,eu,lakeuden,0,1,0,W,0,0,yli LAKEUDEN ne liikehtiipi
Koskenniemi,eu,oikeudesta,0,1,0,W,0,0,ja suuri armo OIKEUDESTA 
Koskenniemi,{y,henk{yksin,1,0,0,WS,0,0,nyt pellot lep{{ raskain HENK{YKSIN.
Koskenniemi,{y,r{yst{{n,0,1,0,S,0,1,katon vanhan R{YST{{N
Koskenniemi,au,autuaissa,0,1,0,S,0,1,AUTUAISSA lemmen unelmoissa.
Koskenniemi,eu,lakeus,1,0,0,WS,1,0,laaja LAKEUS kuin j{ttil{inen
Koskenniemi,au,kirkkauttansa,0,1,0,W,1,0,omaa KIRKKAUTTANSA kummeksuin
Koskenniemi,au,laulun,0,1,0,S,0,1,t{nne soi kuin kaiku LAULUN 
Koskenniemi,au,lauhan,0,1,0,S,0,1,LAUHAN.
Koskenniemi,au,rauhan,0,1,0,S,0,1,"RAUHAN kotiin, pyh{{n "
Koskenniemi,au,kirkkauteesi,0,1,0,W,0,0,"kotiin, pyh{{n KIRKKAUTEESI"
Koskenniemi,au,rauhassa,0,1,0,S,0,1,"katso, sun rintasi RAUHASSA menneet kev{h{t nukkuu,"
Koskenniemi,{y,k{ynyt,0,1,0,S,1,1,"katso, on ylitse suvisten kentt{is kuolema K{YNYT."
Koskenniemi,ou,louhikko,0,1,0,S,0,1,"on LOUHIKKO harmaatakive{,"
Koskenniemi,|y,n|yrin,0,1,0,S,1,1,"ma tahdon N|YRIN mielin omistaa,"
Koskenniemi,au,raukenet,0,1,0,S,0,1,mun sieluni kuin lapsi kehtoon RAUKENET.
Koskenniemi,au,rauha,0,1,0,S,0,1,illan hiljaisuus ja RAUHA soivat
Koskenniemi,au,rauhattomain,0,1,0,S,0,1,"rintaan RAUHATTOMAIN matkalaisten,"
Koskenniemi,iu,siunaten,0,1,0,S,0,1,maan luomisvoimaa salaa SIUNATEN
Koskenniemi,au,rauhan,0,1,0,S,0,1,yli syd{meni suuren RAUHAN.
Koskenniemi,ou,nousee,0,1,0,S,0,1,"uutehen onneen, uuteen suvehen NOUSEE"
Koskenniemi,ou,nousee,0,1,0,S,0,1,"oi sinun puolees taas, sin{ valkea, silm{ni NOUSEE"
Koskenniemi,au,laulujen,0,1,0,S,0,1,tuntea LAULUJEN vuon 
Koskenniemi,|y,l|yt{nyt,0,1,0,S,1,1,"L|YT{NYT kiilt{v{n valheen ja hetkien leikkiv{n unhon,"
Koskenniemi,{y,t{yt{t,0,1,0,S,1,1,"kruunaat onnella p{{ni ja onnella rintani T{YT{T,"
Koskenniemi,au,rauhan,0,1,0,S,0,1,"RAUHAN |ljy{ tuot mieleni myrskyihin,"
Koskenniemi,{y,t{ysi,0,1,0,S,0,1,"T{YSI on tyhjyyskin, "
Koskenniemi,au,laulava,0,1,0,S,0,1,"on tyhjyyskin, LAULAVA hiljaisuus."
Koskenniemi,au,laulaen,0,1,0,S,0,1,"tuoksuen tullut sa oot, LAULAEN tullut sa oot."
Koskenniemi,au,kirkkaudestasi,0,0,1,W,0,0,KIRKKAUDESTASI taas juoda mun silm{ni suot.
Koskenniemi,{y,t{ysin,0,1,0,S,1,1,"oi, kev{t, kerran saat k{sin T{YSIN taas sin{ maille,"
Koskenniemi,au,lauluun,0,1,0,S,0,1,"poikain LAULUUN lehdossa ei minun {{neni yhdy,"
Koskenniemi,eu,seurata,0,1,0,S,0,1,"neitojen leikkej{ ei silm{ni SEURATA voi,"
Koskenniemi,ou,outoja,0,1,0,S,0,1,"kukkia maa, OUTOJA tuoksuja tuo"
Koskenniemi,|y,l|yt{nyt,0,1,0,S,1,1,"silm{{ L|YT{NYT et, joka vois sun katsehes kest{{,"
Koskenniemi,iu,liukunut,0,1,0,S,0,1,"k{tt{ sa et, joka ei LIUKUNUT luotasi pois."
Koskenniemi,|y,l|yd{t,0,1,0,S,1,1,"leikkihin kumppanin L|YD{T, et toden riemuhun, tuskaan."
Koskenniemi,{y,k{yt,0,1,0,S,1,1,", jok' katoaa, kun sit{ kohti sa K{YT."
Koskenniemi,{y,k{ymme,0,1,0,S,0,1,"hiljaisuudesta saavuimme, hiljaisuutehen K{YMME."
Koskenniemi,au,pauhina,0,1,0,S,0,1,"PAUHINA maailman, ei kodiksemme se voi"
Koskenniemi,ou,outoina,0,1,0,S,0,1,"muuttua, OUTOINA "
Koskenniemi,|y,t|yt{ellen,0,1,0,S,0,1,toistamme T|YT{ELLEN sokkoina kuljemme vain.
Koskenniemi,au,rauhaa,0,1,0,S,0,1,"RAUHAA vailla on rintamme kesken onnenkin pilkkeen,"
Koskenniemi,au,kaukana,0,1,0,S,0,1,kaihomme kiireht{in KAUKANA eell{mme 
Koskenniemi,au,pauhinallaan,0,1,0,S,0,1,maailma PAUHINALLAAN pett{nyt korvamme on.
Koskenniemi,au,rauhaton,0,1,0,S,0,1,", ihminen, RAUHATON ties."
Koskenniemi,eu,kaikkeus,0,0,1,W,1,0,KAIKKEUS kylmyytt{{n iltahan henk{elee.
Koskenniemi,ou,hourun,0,1,0,S,0,1,kuin uni HOURUN vain henget|n on lakis sun.
Koskenniemi,au,vaunusi,0,1,0,S,0,1,VAUNUSI py|rien 
Koskenniemi,iu,viuhina,0,1,0,S,0,1,"py|rien VIUHINA kuolleet vuossadat mittaa,"
Koskenniemi,ou,noussut,0,1,0,S,1,1,"NOUSSUT ei titaneist' ole valtaas vastahan kenk{{n,"
Koskenniemi,au,kautta,0,1,0,S,1,1,KAUTTA jo aioonien vailla sa kilpailijaa
Koskenniemi,au,rakkaus,0,0,1,W,1,0,koskaan silmist{s RAKKAUS loistanut ei.
Koskenniemi,au,vapautta,1,0,0,WS,1,0,"et, avaruuksien valtias, tuumaakaan VAPAUTTA"
Koskenniemi,au,runsaudestasi,0,0,1,W,0,0,RUNSAUDESTASI sun luoduilles luovuttanut.
Koskenniemi,au,laula,0,1,0,S,0,1,eik{ sun kylm{{ kunniatas minun huuleni LAULA.
Koskenniemi,au,kautta,0,1,0,S,1,1,"mut oman hehkuni KAUTTA sun kylmyydess{si kerta,"
Koskenniemi,{y,k{yv{n,0,1,0,S,1,1,"kentill{ lapsuutein poikasna K{YV{N sun n{{n,"
Koskenniemi,ou,koulun,0,1,0,S,0,1,kulkevan KOULUN tiell{ tai miettien istuvan illoin
Koskenniemi,eu,seuraellen,0,1,0,S,0,1,"ikkunass' yksikses t{hti{ SEURAELLEN,"
Koskenniemi,eu,seurata,0,1,0,S,0,1,"ett{ sa SEURATA voit, kuinka se hoivas ja loi,"
Koskenniemi,au,hauta,0,1,0,S,0,1,"niin liki h{nt{, jok' on elon kaiken kehto ja HAUTA."
Koskenniemi,au,hautahan,0,1,0,S,0,1,HAUTAHAN asti sa mua saattaos matkalla maan.
Koskenniemi,au,naurava,0,1,0,S,0,1,viisaamp' oot sa kuin kirjat ja ihmisten NAURAVA 
Koskenniemi,eu,seura,0,1,0,S,0,1,"SEURA,"
Koskenniemi,eu,valkeus,0,0,1,W,1,0,"keskell{ turhuuden, VALKEUS keskell{ y|n."
Koskenniemi,ou,outoja,0,1,0,S,0,1,"OUTOJA kukkia maa, "
Koskenniemi,ou,houreen,0,1,0,S,0,1,"HOUREEN, jok' katoaa, kun sit{ kohti sa "
Koskenniemi,{y,k{ymme,0,1,0,S,0,1,K{YMME sen kesken ja ihmisten kesken.
Koskenniemi,au,rauhaton,0,1,0,S,0,1,"on hyv{ nukkua sun, on, syd{n RAUHATON, sun"
Koskenniemi,au,Autio,0,1,0,S,0,1,ymp{rill{in tihenee t{htinen AUTIO y|.
Koskenniemi,au,huokaus,0,0,1,W,1,0,eik{ sun mykkyytees ole HUOKAUS kuulunut koskaan.
Koskenniemi,eu,kaikkeus,0,0,1,W,1,0,KAIKKEUS kylmyytt{{n iltahan henk{elee
Koskenniemi,au,laulusta,0,1,0,S,0,1,"LAULUSTA linnut ja tuoksusta kukkaset kaikki sa tunsit,"
Koskenniemi,|y,l|yd{mme,0,1,0,S,1,1,"luonnon turvallisen, ah, k{den L|YD{MME taas."
Koskenniemi,au,laulanut,0,1,0,S,0,1,"oi, kes{n yhden sa mullekin LAULANUT oot, satakieli."
Koskenniemi,au,laulujas,0,1,0,S,0,1,"LAULUJAS kuunnellen |it{ ma valvonut oon,"
Koskenniemi,au,laulusi,0,1,0,S,0,1,vain oli LAULUSI sun.
Koskenniemi,au,laulusi,0,1,0,S,0,1,"oi satakieli, sun LAULUSI muistossa viel{kin v{ikkyy:"
Koskenniemi,au,laulanut,0,1,0,S,0,1,"oi kes{n yhden sa mullekin LAULANUT oot, satakieli"
Koskenniemi,au,kauneus,0,1,0,S,0,1,"vain sinuhun, sinuhun, KAUNEUS, uskonut oon."
Koskenniemi,au,kauneus,0,1,0,S,0,1,"maisin silmin en, KAUNEUS, valtijatar"
Koskenniemi,eu,kauneus,0,0,1,W,1,0,"maisin silmin en, KAUNEUS, valtijatar"
Koskenniemi,iu,siunattu,0,1,0,S,0,1,"SIUNATTU tuskan hetki, mi sun elonkipin{s sytti,"
Koskenniemi,iu,siunatut,0,1,0,S,0,1,"SIUNATUT kaipuun y|t, joiden sa ruokkima oot!"
Koskenniemi,au,kirkkautes,1,0,0,W,0,0,"sieluni uudelleen, keskell{ KIRKKAUTES."
Koskenniemi,au,viisaudesta,0,0,1,W,0,0,min{ maailman VIISAUDESTA
Koskenniemi,ou,jouda,0,1,0,S,0,1,"-- en lepoon JOUDA ma viel{,"
Koskenniemi,au,rauhassa,0,1,0,S,0,1,"ole RAUHASSA, "
Koskenniemi,au,rauhaton,0,1,0,S,0,1,", RAUHATON!"
Koskenniemi,|y,l|yd{t,0,1,0,S,1,1,sin{ L|YD{T vieraita vaan.
Koskenniemi,au,autuus,0,1,0,S,0,1,"oi, armas, AUTUUS meit{ l{sn{ on."
Koskenniemi,ou,soutakaamme,0,1,0,S,0,1,kuun venheess{ me SOUTAKAAMME pois
Koskenniemi,au,rauhaton,0,1,0,S,0,1,"sin{ syd{n RAUHATON, kuuma"
Koskenniemi,ou,joukoin,0,1,0,S,0,1,en JOUKOIN kulkevalle 
Koskenniemi,au,rakkaus,1,0,0,WS,1,0,"nuori RAKKAUS,"
Koskenniemi,au,kaukanakin,0,1,0,S,0,1,"vaikk' ehk{ KAUKANAKIN toisistaan,"
Koskenniemi,eu,kaikkeuden,0,1,0,W,0,0,niin ehk{ kaaoksessa KAIKKEUDEN
Koskenniemi,ou,nousten,0,1,0,S,1,1,"ja hiiltyi aamun NOUSTEN hiljallensa,"
Koskenniemi,au,rautaisen,0,1,0,S,0,1,"jo syksyll' antais sadon RAUTAISEN,"
Koskenniemi,au,sauhua,0,1,0,S,0,1,"tulisadetta, SAUHUA l{nteen, it{{n,"
Koskenniemi,ou,touraine,0,0,1,unknown,0,1,nuor jacques tuli mailta TOURAINE'n.
Koskenniemi,au,sauhu,0,1,0,S,0,1,ja verkkaan tykkien SAUHU haihtui
Koskenniemi,au,juoksuhaudoissa,0,1,0,S,0,0,ja JUOKSUHAUDOISSA vuorot vaihtui.
Koskenniemi,ou,noudattaen,0,1,0,S,0,1,h{n NOUDATTAEN paperin
Koskenniemi,ou,touraine,0,0,1,unknown,0,1,se oli poika TOURAINE'n.
Koskenniemi,{y,k{ynyt,0,1,0,S,1,1,sota oli K{YNYT yli suomen.
Koskenniemi,au,hautakummut,0,1,0,S,0,1,"nurmetutti HAUTAKUMMUT, jotka"
Koskenniemi,au,tautituhon,0,1,0,S,0,1,"oli talven TAUTITUHON j{lkeen,"
Koskenniemi,au,rauniot,0,1,0,S,0,1,kyl{{ etsi -- RAUNIOT vain 
Koskenniemi,|y,l|ysi,0,1,0,S,0,1,"L|YSI paikan, miss{ muinoin seisoi"
Koskenniemi,|y,l|ysi,0,1,0,S,0,1,"L|YSI navetan ja aitan sijan,"
Koskenniemi,|y,l|ysi,0,1,0,S,0,1,"pihan L|YSI, miss{ muinoin leikki"
Koskenniemi,au,saunan,0,1,0,S,0,1,"nokkosia kasvoi SAUNAN kiuas,"
Koskenniemi,au,raunioiden,0,1,0,S,0,1,"seisoi RAUNIOIDEN kesken markku,"
Koskenniemi,au,raunioilla,0,1,0,S,0,1,siell{ t{{ll{ RAUNIOILLA liikkui
Koskenniemi,au,rauhatonna,0,1,0,S,0,1,joku RAUHATONNA haeskellen
Koskenniemi,au,raunioihin,0,1,0,S,0,1,loisti leppoisasti RAUNIOIHIN.
Koskenniemi,iu,Kiurun,0,1,0,S,0,1,KIURUN 
Koskenniemi,au,kaukahisen,0,1,0,S,0,1,niinkuin KAUKAHISEN toivon {{ni.
Koskenniemi,au,kaukahinen,0,1,0,S,0,1,"oi, kes{ KAUKAHINEN!"
Koskenniemi,eu,kauneus,0,0,1,W,1,0,"vain sinuhun, sinuhun, KAUNEUS, uskonut oon."
Koskenniemi,ou,nousee,0,1,0,S,0,1,"kuin valon virrassa uin ma ja kanssasi henkeni NOUSEE,"
Koskenniemi,{y,surunt{ysi,0,1,0,S,0,0,"SURUNT{YSI on el{m{n retki,"
Koskenniemi,|y,l|yt{{,0,1,0,S,0,1,mun L|YT{{ nuori 
Koskenniemi,iu,hiukkanen,0,1,0,S,1,1,niist' yhtyy toisehensa HIUKKANEN.
Koskenniemi,eu,laskeutui,0,0,1,W,0,0,niin y| yli marnen LASKEUTUI
Koskenniemi,{y,k{ynyt,0,1,0,S,1,1,"synkk{ vieras oli maassa K{YNYT,"
Koskenniemi,|y,l|ysi,0,1,0,S,0,1,"vain L|YSI,"
Koskenniemi,{y,k{yd{,0,1,0,S,0,1,"viel{ peltohonko kiinni K{YD{,"
Koskenniemi,au,laulu,0,1,0,S,0,1,LAULU kuului korkealta
Koskenniemi,au,raudan,0,1,0,S,0,1,v{{nsi RAUDAN 
Koskenniemi,au,raunioiden,0,1,0,S,0,1,"RAUNIOIDEN alta,"
Koskenniemi,iu,Kiuru,0,1,0,S,0,1,KIURU
Koskenniemi,au,vapauden,1,0,0,WS,0,0,verkkaan VAPAUDEN oras it{{:
Koskenniemi,ou,roudan,0,1,0,S,0,1,vuosisatain ROUDAN sulaa pit{{
Koskenniemi,au,vapaus,1,0,0,WS,1,0,"VAPAUS, me "
Koskenniemi,au,hautasimme,0,1,0,S,0,1,"nimees vainajamme HAUTASIMME,"
Koskenniemi,au,raunioita,0,1,0,S,0,1,"minne tulet, RAUNIOITA n{{t,"
Koskenniemi,iu,siunaa,0,1,0,S,0,1,"SIUNAA maata, miss{ miehet makaa,"
Koskenniemi,iu,siunaa,0,1,0,S,0,1,SIUNAA leskien ja lasten p{{t!
Koskenniemi,au,vapaus,1,0,0,WS,1,0,"el{m{ sua vaill' on, VAPAUS."
Koskenniemi,au,kautta,0,1,0,S,1,1,"KAUTTA k{rsimyksen-muistojemme,"
Koskenniemi,au,kautta,0,1,0,S,1,1,KAUTTA kallihimpain 
Koskenniemi,au,hautojemme,0,1,0,S,0,1,"kallihimpain HAUTOJEMME,"
Koskenniemi,au,vapaus,1,0,0,WS,1,0,"VAPAUS, sun pyhyytt{si kohti"
Koskenniemi,ou,nouse,0,1,0,S,0,1,"vapaa puola, NOUSE korkealle,"
Koskenniemi,au,kautta,0,1,0,S,1,1,"KAUTTA vainajaimme, lapsiemme:"
Koskenniemi,au,lauluin,0,1,0,S,0,1,"ei LAULUIN, tuulin "
Koskenniemi,au,lauhkehin,0,1,0,S,1,1,", tuulin LAUHKEHIN"
Koskenniemi,au,vapautemme,0,1,0,W,0,0,"oo meille VAPAUTEMME,"
Koskenniemi,au,rakkautemme,0,1,0,W,0,0,"sa lapsi RAKKAUTEMME,"
Koskenniemi,au,auki,0,1,0,S,0,1,"mut kun sa silm{s AUKI loit,"
Koskenniemi,au,lauhkehin,0,1,0,S,1,1,"et tuoksuin, tuulin LAUHKEHIN"
Koskenniemi,au,vapautemme,0,1,0,W,0,0,"oo meille, VAPAUTEMME,"
Koskenniemi,au,vapaus,1,0,0,WS,1,0,"sa suomen nuori VAPAUS,"
Koskenniemi,iu,siunaavat,0,1,0,S,0,1,on aseitamme SIUNAAVAT
Koskenniemi,au,vapautemme,0,1,0,W,0,0,ja VAPAUTEMME teit{
Koskenniemi,au,runsaus,1,0,0,WS,1,0,"suo sille armos RUNSAUS,"
Koskenniemi,iu,siunannut,0,1,0,S,0,1,"sa SIUNANNUT oot aseitamme,"
Koskenniemi,au,rauhanaskartamme,0,1,0,S,0,1,"RAUHANASKARTAMME,"
Koskenniemi,au,kaunihiksi,0,1,0,S,0,1,tee KAUNIHIKSI kansan ty|.
Koskenniemi,au,runsaus,1,0,0,WS,1,0,"suo sille voimas RUNSAUS,"
Koskenniemi,au,aurinko,0,1,0,S,0,1,miten s{il{ss{s AURINKO palaa!
Koskenniemi,au,vapauden,1,0,0,WS,0,0,yl|s VAPAUDEN p{iv{h{n
Koskenniemi,eu,valveutuvat,0,0,1,W,0,0,"taas voimasi VALVEUTUVAT,"
Koskenniemi,eu,seuraa,0,1,0,S,0,1,"koko kansa sun SEURAA j{lki{s,"
Koskenniemi,ou,Poutun,0,1,0,S,0,1,"ja pentti POUTUN harmaan p{{n,"
Koskenniemi,au,kaulastaan,0,1,0,S,0,1,ja ilkka hymyten KAULASTAAN
Koskenniemi,eu,seuraa,0,1,0,S,0,1,sua SEURAA raatajat korpien
Koskenniemi,|y,k|yh{n,0,1,0,S,1,1,jyv{n K|YH{N on monen kerran
Koskenniemi,au,aurinko,0,1,0,S,0,1,miten s{il{ss{s AURINKO palaa!
Koskenniemi,{y,t{yttymyksen,0,1,0,S,0,1,"hetkell{ T{YTTYMYKSEN, hetkell{ vuossatojen,"
Koskenniemi,{y,t{ytetty,0,1,0,S,1,1,"aika kun T{YTETTY on, suurin kun hetkemme l|i."
Koskenniemi,au,vapaus,1,0,0,WS,1,0,"oi VAPAUS, sin{ kaivattu, korkehin t{htien alla,"
Koskenniemi,eu,valkeus,0,0,1,W,1,0,"miss' oli orjuus ja y|, VALKEUS on, "
Koskenniemi,au,vapaus,1,0,0,WS,1,0,"oi VAPAUS, sin{ kaivattu, korkehin t{htien alla,"
Koskenniemi,iu,siunaa,0,1,0,S,0,1,"meit{ sa SIUNAA, korkea, jotka sun kasvosi n{{mme,"
Koskenniemi,{y,t{yttynyt,0,1,0,S,0,1,"aika kun T{YTTYNYT on, vuossatojen odotus,"
Koskenniemi,iu,siunaa,0,1,0,S,0,1,"SIUNAA vainajat, jotka sun uskossas kuolohon nukkui,"
Koskenniemi,au,lauloi,0,1,0,S,0,1,LAULOI 
Koskenniemi,{y,k{ymme,0,1,0,S,0,1,", me K{YMME vastahas."
Koskenniemi,{y,henk{ykses,1,0,0,WS,0,0,niin on HENK{YKSES kosketus.
Koskenniemi,au,kautta,0,1,0,S,1,1,"KAUTTA k{rsimyksen-lunnaittemme,"
Koskenniemi,au,vapaus,1,0,0,WS,1,0,"kun synnyit, suomen VAPAUS,"
Koskenniemi,au,rakkautemme,0,1,0,W,0,0,sa lapsi RAKKAUTEMME.
Koskenniemi,eu,valkeus,1,0,0,WS,1,0,ja VALKEUS sun valostasi.
Koskenniemi,iu,siunaa,0,1,0,S,0,1,my|s SIUNAA 
Koskenniemi,iu,siunaa,0,1,0,S,0,1,"O herra, SIUNAA suomen kansa,"
Koskenniemi,au,vapaudenp{iv{st{s,1,0,0,WS,0,0,on VAPAUDENP{IV{ST{S
Koskenniemi,au,vapauden,1,0,0,WS,0,0,yl|s VAPAUDEN p{iv{h{n
Koskenniemi,au,vapaus,1,0,0,WS,1,0,"on, VAPAUS."
Koskenniemi,ou,nouseva,0,1,0,S,0,1,"NOUSEVA polvi ja my|s suku syntym{t|nten,"
Koskenniemi,ou,nousta,0,1,0,S,1,1,aivoituksemme suo NOUSTA sun 
Koskenniemi,eu,korkeutees,1,0,0,W,0,0,"sun KORKEUTEES,"
Koskenniemi,au,viisaus,0,0,1,W,1,0,"miss' ovat VIISAUS, voima ja "
Koskenniemi,ey,lempeys,0,0,1,W,1,0,", voima ja LEMPEYS, "
Koskenniemi,au,kaunis,0,1,0,S,0,1,"KAUNIS on elo, kuolema, korkea, kasvojes eess{,"
Koskenniemi,au,vapaus,1,0,0,W,1,0,"oi VAPAUS, sin{ kaivattu, korkehin t{htien alla"
Koskenniemi,ou,outo,0,1,0,S,0,1,"uus, OUTO kieli ymp{rill{in hel{{."
Koskenniemi,au,kauneus,0,1,0,S,0,1,ja yksin mykk{ KAUNEUS saa el{{
Koskenniemi,au,raudoissas,0,1,0,S,0,1,"RAUDOISSAS ovat ranteeni, "
Koskenniemi,eu,zeus,0,0,1,unknown,1,1,"ovat ranteeni, ZEUS, mut ei henkeni koskaan."
Koskenniemi,eu,zeus,0,1,0,S,1,1,"oon min{, n{hnyt ma oon kaikki sun luomasi, ZEUS:"
Koskenniemi,au,kauniimman,0,1,0,S,0,1,"KAUNIIMMAN, paremman min{ oisin maailman luonut"
Koskenniemi,|y,k|yhi{,0,1,0,S,0,1,K|YHI{ riemuja maan. uhria vaatinut en
Koskenniemi,eu,zeus,0,1,0,S,1,1,"kylm{ ja korskea ZEUS, luotujes kerjuri oot!"
Koskenniemi,au,huokaus,0,0,1,W,1,0,"HUOKAUS ei olis kuulunut valtani {{rest{ toiseen,"
Koskenniemi,au,kirkkaudessa,0,0,1,W,0,0,"onnessa, KIRKKAUDESSA ja voimassa "
Koskenniemi,{y,k{ynehet,0,1,0,S,1,1,luotuni K{YNEHET ois kentti{ kukkivan maan.
Koskenniemi,ou,joukossaan,0,1,0,S,0,1,"ollut JOUKOSSAAN, kirkkaita katseita vain,"
Koskenniemi,ey,lempeys,0,1,0,W,1,0,"pystyj{ p{it{ ja otsia, joiss' olis voima ja LEMPEYS"
Koskenniemi,eu,zeus,0,1,0,S,1,1,"kyyryj{ orjia ei, ei sinun heimoas, ZEUS."
Koskenniemi,eu,zeus,0,1,0,S,1,1,"kerran moirat, ZEUS, sinun korskean valtasi p{{tt{{,"
Koskenniemi,eu,zeus,0,1,0,S,1,1,"maailmastasi, ZEUS, ei edes "
Koskenniemi,au,rauniot,0,1,0,S,0,1,", ei edes RAUNIOT j{{."
Koskenniemi,eu,reunalla,0,1,0,S,0,1,y|t umpeen ma l{hteen REUNALLA n{in.
Koskenniemi,au,kaunein,0,1,0,S,0,1,mut h{n KAUNEIN pojista hellaan on.
Koskenniemi,iu,hiutuu,0,1,0,S,0,1,ja mun toivoni HIUTUU ja 
Koskenniemi,iu,hiutuu,0,1,0,S,0,1,"ja HIUTUU,"
Koskenniemi,au,kaunoisintaan,0,1,0,S,0,1,"KAUNOISINTAAN ei juoksusta kiinni h{n saa,"
Koskenniemi,au,rakkauden,0,0,1,W,0,0,"pan, is{ pan, h{n varmaan RAKKAUDEN hyvin tuntee:"
Koskenniemi,au,laululla,0,1,0,S,0,1,ei vois LAULULLA rintamme hehkua tulkita koskaan!
Koskenniemi,au,laulussa,0,1,0,S,0,1,nuori h{n viel{ on pan! LAULUSSA nuori h{n on!
Koskenniemi,{y,k{yt,0,1,0,S,1,1,"kulkija, ken ohi l{hteen K{YT, {l{ juo sa sen vett{!"
Koskenniemi,ou,outona,0,1,0,S,0,1,"OUTONA itselleen, "
Koskenniemi,ou,outona,0,1,0,S,0,1,"itselleen, OUTONA muille h{n my|s."
Koskenniemi,{y,k{yt,0,1,0,S,1,1,"paimen, ken ohi kumpuni K{YT -- min{kin k{vin kerta,"
Koskenniemi,{y,k{yt,0,1,0,S,1,1,"niinkuin nyt sin{ K{YT, kentill{ arkadian,"
Koskenniemi,au,rakkautes,0,0,1,W,0,0,eik{ sun RAKKAUTES ole muuta kuin varjojen varjo
Koskenniemi,au,rakkautein,0,0,1,W,0,0,rinnalla RAKKAUTEIN. siks osas oikeamp' ois
Koskenniemi,{y,t{ytti,0,1,0,S,0,1,"h{n T{YTTI ionian, hellaan."
Koskenniemi,au,kaupungit,0,1,0,S,0,1,"maat, KAUPUNGIT, saaret "
Koskenniemi,au,kaukaiset,0,1,0,S,0,1,", saaret KAUKAISET"
Koskenniemi,iu,siunaa,0,1,0,S,0,1,"SIUNAA k{ttemme ty|, jota {sken kahlehet kytki,"
Koskenniemi,eu,oikeus,1,0,0,W,1,0,", OIKEUS yht{."
Koskenniemi,eu,kauneus,1,0,0,WS,1,0,ja yksin mykk{ KAUNEUS saa el{{
Koskenniemi,eu,zeus,0,1,0,S,1,1,"kuin sinun maailmas, kylm{ ja korskea ZEUS,"
Koskenniemi,au,auringon,0,1,0,S,0,1,ja voimassa AURINGON alla
Koskenniemi,au,hauraan,0,1,0,S,0,1,"s{rkev{t luomasi sun, lelun HAURAAN henkesi pienen."
Koskenniemi,iu,riutuu,0,1,0,S,0,1,kes{n kukkaset kuihtuu ja RIUTUU
Koskenniemi,au,kaurihin,0,1,0,S,0,1,"niinkuin h{n voimansa p{ivin{ sai, kun h{n KAURIHIN kanssa"
Koskenniemi,au,sauvan,0,1,0,S,0,1,"kutsua ei omaksensa h{n voi kuin viitan ja SAUVAN,"
Koskenniemi,ou,viiskymmen-souduillaan,0,1,0,S,0,0,"mihin saapui h{n VIISKYMMEN-SOUDUILLAAN,"
Koskenniemi,eu,neuvoa,0,1,0,S,0,1,»siis kuule sa NEUVOA yst{v{n:
Koskenniemi,eu,neuvon,0,1,0,S,0,1,hyv{ks huomas NEUVON yst{v{n
Koskenniemi,ou,joukon,0,1,0,S,0,1,kun riemu JOUKON voittoisan
Koskenniemi,{y,t{yttyy,0,1,0,S,0,1,sun T{YTTYY onnes 
Koskenniemi,au,runsaus,1,0,0,WS,1,0,"onnes RUNSAUS,"
Koskenniemi,au,Aukee,0,1,0,S,0,1,"sua vastaan AUKEE syli,"
Koskenniemi,au,Rakkautesi,0,1,0,W,0,0,ja yrtit RAKKAUTESI:
Koskenniemi,au,raukeaa,0,1,0,S,0,1,"maan vallat, voimat RAUKEAA,"
Koskenniemi,au,kaukana,0,1,0,S,0,1,niin olet KAUKANA nuoruus ja 
Koskenniemi,au,kaukana,0,1,0,S,0,1,nuoruus ja KAUKANA onneni p{iv{t.
Koskenniemi,au,kaukana,0,1,0,S,0,1,"niinkuin nuoruutein, KAUKANA, rooma, sa oot."
Koskenniemi,au,autiot,0,1,0,S,0,1,"kylm{t ja AUTIOT skyyttien rannat on, harmaja taivas,"
Koskenniemi,au,lauloi,0,1,0,S,0,1,"miss{ mun nuoruutein LAULOI ja leikki{ l|i,"
Koskenniemi,au,kaukana,0,1,0,S,0,1,"poissa on nuoruus ja KAUKANA rooma, mun onneni rooma,"
Koskenniemi,au,kaunehin,0,1,0,S,0,1,kuin uni KAUNEHIN j{i vuorten ja vuosien taa.
Koskenniemi,au,hauraamp,0,1,0,S,0,1,"HAURAAMP' on lukinverkkoakin, oi onnetar, lankas,"
Koskenniemi,ou,kourissa,0,1,0,S,0,1,"KOURISSA kohtalon oot, ah, lelu s{rkyv{ vain."
Koskenniemi,au,lauluton,0,1,0,S,0,1,"vasta kun LAULUTON on p{iv{s ja lemmet|n y|s,"
Koskenniemi,au,haukkuu,0,1,0,S,1,1,"vasta kun kerberos kolmin kuonoin vastahas HAUKKUU,"
Koskenniemi,au,auringon,0,1,0,S,0,1,me kierr{mme ymp{ri AURINGON.
Koskenniemi,au,kaukana,0,0,1,unknown,0,1,KAUKANA ikuisuuden y|ss{
Koskenniemi,au,auringon,0,1,0,S,0,1,"lapset y|n ja AURINGON,"
Koskenniemi,au,auringon,0,1,0,S,0,1,"lapset y|n ja AURINGON,"
Koskenniemi,au,kaukokumpuja,0,1,0,unknown,0,1,"KAUKOKUMPUJA auer peitt{{,"
Koskenniemi,au,hautoo,0,1,0,S,0,1,"l{mmin HAUTOO t{hk{p{it{,"
Koskenniemi,au,faunit,0,1,0,S,0,1,nymfit ja FAUNIT pit{v{t h{it{.
Koskenniemi,au,auringon,0,1,0,S,0,1,purppuramereen AURINGON
Koskenniemi,au,auringon,0,1,0,S,0,1,unet y|n ja AURINGON.
Koskenniemi,au,auringon,0,1,0,S,0,1,me kierr{mme ymp{ri AURINGON.
Koskenniemi,{y,t{yttyneet,0,1,0,S,0,1,kunnes p{iv{t on T{YTTYNEET.
Koskenniemi,au,auringot,0,1,0,unknown,0,1,"kerran kaikki AURINGOT hukkuu,"
Koskenniemi,ou,nouskaa,0,1,0,S,1,1,ja NOUSKAA kuollehet!
Koskenniemi,{y,k{yn,0,1,0,W,1,1,"K{YN kerran nukkumaan,"
Koskenniemi,au,haudan,0,1,0,S,0,1,"saa kehdoks kev{t HAUDAN,"
Koskenniemi,au,enkelilauluun,0,1,0,S,0,0,en ENKELILAULUUN tuomion aamuna
Koskenniemi,ou,poutapilvet,0,1,0,S,0,1,POUTAPILVET kulkeissansa
Koskenniemi,eu,lakeuden,0,1,0,W,0,0,"maan lapset, lapset LAKEUDEN, nyt syksyn kiitos soimaan!"
Koskenniemi,|y,k|yh{n,0,1,0,S,1,1,"me saimme K|YH{N, karun maan, me saimme kylmi{ taivaan,"
Koskenniemi,au,Auraan,0,1,0,S,0,1,me oomme AURAAN sidotut ja raadantaan ja vaivaan.
Koskenniemi,au,kauniin,0,1,0,S,0,1,"me saimme KAUNIIN, karun maan ja talven pitk{n, j{isen,"
Koskenniemi,iu,siunaa,0,1,0,S,0,1,", my|s SIUNAA syd{memme,"
Koskenniemi,au,sauva,0,1,0,S,0,1,"silloin SAUVA kantamas,"
Koskenniemi,eu,neulat,0,1,0,S,0,1,kerran ne NEULAT syd{men kohtaa
Koskenniemi,ou,koululuvan,0,1,0,S,0,1,siit' on jo kauan -- KOULULUVAN eell{.
Koskenniemi,ou,viiskymmen-soutuun,0,1,0,S,0,0,polykrates ja VIISKYMMEN-SOUTUUN
Koskenniemi,au,kaipaukses,1,0,0,WS,1,0,"sun KAIPAUKSES kohtaa,"
Koskenniemi,|y,l|yd{,0,1,0,S,0,1,yst{v{ ainoakaan L|YD{ mun ei ovellein.
Koskenniemi,eu,seuraelee,0,1,0,S,0,1,"ken sua uskonut on, ken sua SEURAELEE,"
Koskenniemi,au,lautturin,0,1,0,S,1,1,vasta kun horjuelet tuonelan LAUTTURIN luo
Koskenniemi,au,auringon,0,1,0,S,0,1,tanssivat kullassa AURINGON
Koskenniemi,au,auringon,0,1,0,S,0,1,j{{htyy lieska AURINGON.
Koskenniemi,au,auringon,0,1,0,S,0,1,"lapset y|n ja AURINGON,"
Koskenniemi,au,auringon,0,1,0,S,0,1,"taas valoon AURINGON,"
Koskenniemi,au,laudan,0,1,0,S,0,1,kun v{liin nelj{n LAUDAN
Koskenniemi,{y,t{ytyy,0,1,0,S,0,1,"jott' uusi kes{ kerran sais, niin T{YTYY vanhan kuolla."
Koskenniemi,iu,siunasit,0,1,0,S,0,1,"ja niinkuin maan sa SIUNASIT, my|s "
Koskenniemi,ou,nousi,0,1,0,S,0,1,"ja NOUSI korkealle koivuin yli,"
Koskenniemi,iu,siunattu,0,1,0,S,0,1,"oo i{t SIUNATTU, sa p{{sky pieni,"
Koskenniemi,{y,t{ynn{,0,1,0,S,0,1,me T{YNN{ mykk{{ ihmetyst{ j{imme.
Koskenniemi,eu,seuralainen,0,1,0,S,0,1,"sa tomu, SEURALAINEN"
Koskenniemi,{y,t{ynn{,0,1,0,S,0,1,niin T{YNN{ valoa ja kev{tt{
Siljo,{y,n{yt,1,0,0,SW,1,1,N{YT 
Siljo,au,aurinkoiset,0,1,0,S,0,1,"AURINKOISET, ylh{t"
Siljo,au,auttaa,0,1,0,S,1,1,mit{ AUTTAA 
Siljo,ou,kirous,1,0,0,WS,1,0,KIROUS:
Siljo,ou,outo,0,1,0,S,0,1,"elon silm{ OUTO, tyly"
Siljo,au,auta,0,1,0,S,0,1,"sana AUTA ei, ei tahto,"
Siljo,eu,oikeus,0,0,1,W,1,0,"sit{ ei ole OIKEUS surra,"
Siljo,au,kautta,0,1,0,S,1,1,sen KAUTTA sa saavutit 
Siljo,au,kautta,0,1,0,S,1,1,sen KAUTTA sa 
Siljo,|y,l|ysit,0,1,0,S,1,1,sa L|YSIT vasta
Siljo,ou,noudattaa,0,1,0,S,0,1,"sun kostoas, ken NOUDATTAA"
Siljo,eu,seuraa,0,1,0,S,0,1,h{nt' aina SEURAA syyt|ksin:
Siljo,{y,n{yt,1,0,0,SW,1,1,h{n n{kee N{YT kolkoimmat
Siljo,ou,oudon,0,1,0,S,0,1,"ne mieleen OUDON pelon soi,"
Siljo,ou,nousette,0,1,0,S,0,1,"ah turhaan, menneet, NOUSETTE"
Siljo,au,laulun,0,1,0,S,0,1,teit' en{{n LAULUN valta.
Siljo,au,kauneus,0,1,0,S,0,1,"uus elo, KAUNEUS,"
Siljo,{y,t{ys,0,1,0,W,1,1,"T{YS onnen mitta ois,"
Siljo,au,lupaus,1,0,0,WS,1,0,"LUPAUS, min kerran"
Siljo,{y,t{yt{,0,1,0,S,0,1,T{YT{ ankarasti.
Siljo,{y,valtav{yl{t,0,1,0,S,1,0,"taakse VALTAV{YL{T j{iv{t,"
Siljo,ou,houkutellen,0,1,0,S,0,1,HOUKUTELLEN mieleen kaartaa
Siljo,au,vapautes,0,1,0,W,0,0,sa saavutit VAPAUTES.
Siljo,au,rauhaa,0,1,0,S,0,1,h{n turhaan RAUHAA ik{v|i.
Siljo,au,auringon,0,1,0,S,0,1,"-- kuin pilviin kohde AURINGON,"
Siljo,eu,kauneus,1,0,0,WS,1,0,"uus elo, KAUNEUS,"
Siljo,au,rauhaa,0,1,0,S,0,1,-- en RAUHAA ma saanut vaan.
Siljo,ey,ylpeys,1,0,0,WS,1,0,kovin paljon se YLPEYS.
Siljo,au,autius,0,1,0,S,0,1,nyt AUTIUS templiss{ asuu
Siljo,au,aukiko,0,1,0,S,0,1,ne AUKIKO ly| suvi uus --?
Siljo,au,Autio,0,1,0,S,0,1,s{velriemuun AUTIO templi
Siljo,au,kirkkaudellasi,0,0,1,W,0,0,mua KIRKKAUDELLASI kirkastit.
Siljo,au,avautuu,0,1,0,W,0,0,"mi aavistukselle AVAUTUU,"
Siljo,ou,Jousi,0,1,0,S,0,1,kuin j{nnitetty JOUSI on tahtoni mun.
Siljo,ou,nousta,0,1,0,S,1,1,ma kukkuloille NOUSTA elon kirkastetun
Siljo,{y,k{yd{,0,1,0,S,0,1,ja K{YD{ ohi tien monen v{{r{n.
Siljo,au,laintauluun,0,1,0,S,0,0,LAINTAULUUN mun tahtoni kerran
Siljo,au,auringon,0,1,0,S,0,1,vain AURINGON ylh{inen mahti;
Siljo,au,autuus,0,1,0,S,0,1,"ja tuonen lepo AUTUUS jo oisi,"
Siljo,au,auringon,0,1,0,S,0,1,"mut ylemm{ksi kutsuvi AURINGON ty|,"
Siljo,au,kirkkaus,0,0,1,W,1,0,kuin taikakuvin KIRKKAUS 
Siljo,{y,n{yt,0,0,1,W,1,1,"N{YT korkeat se n{hd{ mun sieluni soi,"
Siljo,ou,houkutus,0,1,0,S,0,1,muu HOUKUTUS kuin 
Siljo,au,hauta,0,1,0,S,0,1,"kuin HAUTA jo vaietkoon,"
Siljo,eu,valkeuden,0,0,1,W,0,0,olen lapsi sen VALKEUDEN loiton!
Siljo,|y,l|yt{{,0,1,0,S,0,1,"sen luokse tahdon L|YT{{ m{ suorimman tien,"
Siljo,au,laulavainen,0,1,0,S,0,1,"saavut, kirkas, LAULAVAINEN"
Siljo,au,syntylaulut,0,1,0,S,0,0,"SYNTYLAULUT elon uuden,"
Siljo,ou,nouse,0,1,0,S,0,1,"NOUSE soiden, kukkien,"
Siljo,{y,k{yv{,0,1,0,S,0,1,"jos tieni K{YV{ ois,"
Siljo,ou,nousta,0,1,0,S,1,1,NOUSTA voisi
Siljo,ou,touhu,0,1,0,S,0,1,"melu, TOUHU ilmein t{rkein."
Siljo,ou,outona,0,1,0,S,0,1,"ja OUTONA sa tapaat, ja tyhjyyden,"
Siljo,ou,moukkaa,0,1,0,S,1,1,monta julistajaa MOUKKAA
Siljo,|y,l|yd{t,0,1,0,unknown,1,1,L|YD{T sa sijalla syd{mesi;
Siljo,|y,juhlap|yt{h{n,0,1,0,S,1,0,"pyh{in JUHLAP|YT{H{N,"
Siljo,au,sielunrauhan,0,1,0,S,0,0,hurskaan SIELUNRAUHAN antaa.
Siljo,ou,loukkaa,0,1,0,S,1,1,ei ne jalkaa kiveen LOUKKAA
Siljo,eu,seuraten,0,1,0,S,0,1,SEURATEN k{sky{ mestarin
Siljo,{y,t{ytty{,0,1,0,S,0,1,ihme ehk{ T{YTTY{ voi;
Siljo,eu,seuraa,0,1,0,S,0,1,mua SEURAA varjonain
Siljo,ou,nouskohon,0,1,0,S,1,1,keveen{ NOUSKOHON
Siljo,ou,outo,0,1,0,S,0,1,"niin OUTO paino mielt{ ahdistaa,"
Siljo,au,aurinkokin,0,1,0,S,0,1,"jo AURINKOKIN painuu laskuun p{in,"
Siljo,au,autuaitten,0,1,0,S,0,1,ja AUTUAITTEN saarten asujat:
Siljo,au,uhrisauhu,0,1,0,S,0,0,ja UHRISAUHU taivoon 
Siljo,au,aurinko,0,1,0,S,0,1,mut' AURINKO jo vaipui vetten taa.
Siljo,au,kauvan,0,1,0,S,0,1,KAUVAN jo kaivatun.
Siljo,au,rauha,0,1,0,S,0,1,RAUHA jo 
Siljo,au,auringon,0,1,0,S,0,1,teit{ AURINGON
Siljo,au,laulaa,0,1,0,S,0,1,LAULAA mieles unholahan
Siljo,au,auringon,0,1,0,S,0,1,sammuvi AURINGON viime rusko.
Siljo,ou,kouristaa,0,1,0,S,0,1,"ja v{re kylm{ syd{nt{ KOURISTAA,"
Siljo,au,kauhu,0,1,0,S,0,1,min kietoi KAUHU |inen
Siljo,au,auringon,0,1,0,S,0,1,"AURINGON,"
Siljo,iu,autius,0,0,1,W,1,0,nyt AUTIUS templiss{ asuu
Siljo,au,kautta,0,1,0,S,1,1,mun tieni KAUTTA tuskankin
Siljo,au,auringolta,0,1,0,S,0,1,sain AURINGOLTA k{skyn ja m{{r{n
Siljo,eu,valkeuden,0,0,1,W,0,0,kuin kaikuna VALKEUDEN kentilt{ oon
Siljo,au,rauhatonna,0,1,0,S,0,1,syd{n RAUHATONNA ly|.
Siljo,au,kauttas,0,1,0,S,1,1,sun KAUTTAS 
Siljo,|y,k|yh{n,0,1,0,unknown,1,1,"vain sanan K|YH{N lohdun tarjoo,"
Siljo,|y,n|yrtyv{n,0,1,0,S,0,1,johtaa mielen N|YRTYV{N vain.
Siljo,au,autiutta,0,1,0,S,0,1,se elon AUTIUTTA kammoaa.
Siljo,iu,autiutta,1,0,0,WS,1,0,se elon AUTIUTTA kammoaa.
Siljo,{y,n{ytt{{,0,1,0,S,0,1,-- ne paljon N{YTT{{ hetkess{ kuihtuneen.
Siljo,au,rauhan,0,1,0,S,0,1,-- ken nyt RAUHAN unta nukkuu!
Siljo,au,auttaa,0,1,0,S,1,1,kuka AUTTAA aamuun saakka?
Siljo,au,kauvas,0,1,0,S,0,1,ne tuuli KAUVAS vie.
Siljo,au,kaukaa,0,1,0,S,0,1,"KAUKAA, p{{lt{ harmaan pilven"
Siljo,au,aurinko,0,1,0,S,0,1,katsovi AURINKO pakkasp{iv{n
Siljo,au,aurinko,0,1,0,S,0,1,AURINKO pilveen 
Siljo,eu,laskeutuu,0,1,0,W,0,0,pilveen LASKEUTUU.
Siljo,au,laukeaa,0,1,0,S,0,1,"taas sairas j{nnitys LAUKEAA,"
Siljo,au,kauvas,0,1,0,S,0,1,"mi tullessa kaikkosi KAUVAS pois,"
Siljo,au,vauhtia,0,1,0,S,1,1,kai pelj{ten VAUHTIA huimaa.
Siljo,ou,joukkoin,0,1,0,S,1,1,tiet loittoni polkemat JOUKKOIN.
Siljo,au,kautta,0,1,0,S,1,1,min KAUTTA kirkastuva
Siljo,au,rauhaa,0,1,0,S,0,1,"se RAUHAA tuoden, tuomiten"
Siljo,eu,neuvoen,0,1,0,S,0,1,ja NEUVOEN soikoon siell{;
Siljo,ou,noudattaa,0,1,0,S,0,1,sen k{sky{ aina NOUDATTAA
Siljo,au,kauvas,0,1,0,S,0,1,sen katse KAUVAS harhailee
Siljo,au,rauhaa,0,1,0,S,0,1,"ei RAUHAA heille tuo,"
Siljo,ou,rukouksiin,1,0,0,WS,1,0,ja RUKOUKSIIN salaisiin
Siljo,au,vastaus,1,0,0,WS,1,0,ei saavu VASTAUS.
Siljo,au,raukeaa,0,1,0,S,0,1,kuin rusko RAUKEAA --?
Siljo,au,rauha,0,1,0,S,0,1,ees RAUHA hetkenk{{n;
Siljo,{y,k{yneet,0,1,0,S,0,1,ois pitkiksi K{YNEET jo taipaleet:
Siljo,au,kauhutko,0,1,0,S,0,1,elon KAUHUTKO eess{ tai kuoloko lie:
Siljo,{y,k{yd{,0,1,0,S,0,1,n{in K{YD{ on helppo se tuskan tie.
Siljo,{y,t{ysi,0,1,0,S,0,1,y| T{YSI on karkelon hulmetta vaan.
Siljo,au,rauhaiseen,0,1,0,S,0,1,"sit{ hetke{, jolloin lepohon RAUHAISEEN"
Siljo,au,auringon,0,1,0,S,0,1,kultasade AURINGON
Siljo,au,aurinko,0,1,0,S,0,1,"is{ luonnon, AURINKO taivaan,"
Siljo,au,laulavan,0,1,0,S,0,1,sua kiitt{en LAULAVAN kuulen
Siljo,ey,leyhkeess{,0,1,0,S,1,1,soi hiljaa LEYHKEESS{ tuulen
Siljo,au,raskaus,1,0,0,WS,1,0,"is{, sy|meni RASKAUS,"
Siljo,au,Autio,0,1,0,S,0,1,syd{n AUTIO lemmell{ 
Siljo,{y,t{yt{,0,1,0,S,0,1,"lemmell{ T{YT{,"
Siljo,au,rakkaus,1,0,0,WS,1,0,"sa n{{th{n, kuinka ij{inen RAKKAUS"
Siljo,iu,siunaten,0,1,0,S,0,1,"sa tunnet, kuinka SIUNATEN lankeaa"
Siljo,au,rakkaus,1,0,0,W,1,0,"sun p{{lles taivaan RAKKAUS, suven valo."
Siljo,au,rauhaa,0,1,0,S,0,1,"nyt, syd{n, RAUHAA kaivata turha on,"
Siljo,{y,ilont{yten{,0,1,0,S,1,0,"ILONT{YTEN{ saat, syd{n, "
Siljo,au,laulaa,0,1,0,S,0,1,"saat, syd{n, LAULAA taas"
Siljo,ou,noussut,0,1,0,S,1,1,elo uutena NOUSSUT on 
Siljo,au,haudastaan,0,1,0,S,0,1,"on HAUDASTAAN,"
Siljo,au,laulun,0,1,0,S,0,1,"siks' uuden LAULUN jo kaikua suo,"
Siljo,au,auringon,0,1,0,S,0,1,"kun n{{t, miten AURINGON"
Siljo,au,autuus,0,1,0,S,0,1,"ilo, AUTUUS asuu"
Siljo,au,rakkauteensa,0,0,1,W,0,0,"syd{n RAKKAUTEENSA,"
Siljo,au,kaipaukseensa,0,0,1,W,1,0,miten KAIPAUKSEENSA
Siljo,au,laulun,0,1,0,S,0,1,ja LAULUN kuulen
Siljo,{y,k{ypi,0,1,0,S,0,1,-- n{in eesp{in K{YPI
Siljo,ou,toukokuun,0,1,0,S,0,1,iltana TOUKOKUUN.
Siljo,au,rauha,0,1,0,S,0,1,tyly RAUHA rikki ly| s{
Siljo,ou,nouse,0,1,0,S,0,1,NOUSE kuolon-tanterilta
Siljo,au,raukeeks,0,1,0,S,0,1,mut mieli RAUKEEKS 
Siljo,ou,nousevat,0,1,0,S,0,1,"viel' kerran NOUSEVAT,"
Siljo,au,autuus,0,1,0,S,0,1,mik{ AUTUUS itsens{ unhottaa!
Siljo,ou,noudattain,0,1,0,S,0,1,"suvi, tahtoas NOUDATTAIN."
Siljo,{y,n{yt{,0,1,0,S,0,1,"tie yksin-j{{neelle N{YT{,"
Siljo,{y,k{yd{,0,1,0,S,0,1,"kun elon juhlaan kohta jo K{YD{ saat sa,"
Siljo,au,kantautuu,0,0,1,W,0,0,sinitaivaan {{rihin KANTAUTUU
Siljo,au,rauhatonna,0,1,0,S,0,1,-- syd{n RAUHATONNA
Siljo,au,raukeaa,0,1,0,S,0,1,rantahan tuulikin RAUKEAA.
Siljo,au,auringon,0,1,0,S,0,1,"nyt voittoa AURINGON, kuninkaas."
Siljo,au,rauhallisna,0,1,0,S,0,1,"RAUHALLISNA maa-emo hengitt{{,"
Siljo,au,linnunlaulu,0,1,0,S,0,0,"kukkastuoksu, LINNUNLAULU, hymy neitosen"
Siljo,au,rakkautensa,0,0,1,W,0,0,ja ehtym{tt|m{n RAKKAUTENSA
Siljo,{y,k{yn,0,1,0,S,1,1,ilomielin nyt K{YN is{n 
Siljo,|y,armop|yt{{n,0,1,0,S,0,0,is{n ARMOP|YT{{N
Siljo,|y,k|yh{ksi,0,1,0,S,1,1,ja joskin ma K|YH{KSI syksyll{ 
Siljo,|y,l|yt{{n,0,1,0,S,0,1,"syksyll{ L|YT{{N,"
Siljo,{y,t{yttyvi,0,1,0,S,0,1,ja rintani T{YTTYVI kiitoksesta:
Siljo,|y,n|yrtyen,0,1,0,S,0,1,N|YRTYEN alla sen taivuit.
Siljo,{y,kielt{ymyksen,0,1,0,W,1,0,kalpean KIELT{YMYKSEN!
Siljo,{y,k{yt{,0,1,0,S,0,1,K{YT{ nyt 
Siljo,eu,elon-oikeutes,0,1,0,W,0,0,"nyt ELON-OIKEUTES,"
Siljo,{y,t{yden,0,1,0,S,1,1,sulle my|s osas T{YDEN.
Siljo,|y,n|yrty{,0,1,0,S,0,1,"N|YRTY{ viel{kin kyllin saat,"
Siljo,{y,t{ysi,0,1,0,S,0,1,T{YSI on murhees taakka.
Siljo,au,nautinnon,0,1,0,S,0,1,t{n{{n aika on NAUTINNON
Siljo,au,rakkauden,0,0,1,W,0,0,siks ett{ se ruusuja RAKKAUDEN
Siljo,au,Aution,0,1,0,S,0,1,lois AUTION korven teille;
Siljo,au,lausun,0,1,0,S,0,1,"""credo"", LAUSUN ma "
Siljo,iu,riutuva,0,1,0,S,0,1,pian RIUTUVA muisto vain mulle j{{
Siljo,|y,k|yh{n{,0,1,0,S,1,1,ja K|YH{N{ syys minut yll{tt{{.
Siljo,au,rakkaus,1,0,0,W,1,0,ja voimaton RAKKAUS 
Siljo,au,auringon,0,1,0,S,0,1,AURINGON.
Siljo,au,rauhaa,0,1,0,S,0,1,"ja RAUHAA pyyd{ mun sielullen,"
Siljo,iu,siunaavin,0,1,0,S,0,1,yli lankee s{tehin SIUNAAVIN
Siljo,au,aurinko,0,1,0,S,0,1,"viel' AURINKO lempens{ hehkuvan antaa,"
Siljo,au,auringon,0,1,0,S,0,1,"ain' uudistuvaan suven, AURINGON luottaa;"
Siljo,au,hartaus,1,0,0,W,1,0,"syv{ HARTAUS, min elon "
Siljo,au,kaunis,0,1,0,S,0,1,"suvi-uskonne sointuva, KAUNIS luokaa,"
Siljo,au,aurinko,0,1,0,S,0,1,"AURINKO, taattoni armahin,"
Siljo,ou,nousennasta,0,1,0,S,0,1,kiitos uudesta NOUSENNASTA!
Siljo,iu,siunaus,0,1,0,S,0,1,"viel{ viimeinen SIUNAUS,"
Siljo,au,siunaus,1,0,0,WS,1,0,"viel{ viimeinen SIUNAUS,"
Siljo,iu,siunaukses,0,1,0,S,0,1,SIUNAUKSES kun 
Siljo,eu,seuraa,0,1,0,S,0,1,kun SEURAA
Siljo,ou,lumoukseen,0,0,1,unknown,1,0,suven LUMOUKSEEN
Siljo,au,rauhas,0,1,0,S,0,1,"RAUHAS suo ja voimasi loputon,"
Siljo,iu,siunaten,0,1,0,S,0,1,h{nen ylitsens{ h{n SIUNATEN valaa.
Siljo,au,rakkaudesta,0,0,1,W,0,0,mun sieluni taivahan RAKKAUDESTA
Siljo,{y,k{yden,0,1,0,S,1,1,"paastoten, korpeen K{YDEN,"
Siljo,au,auringon,0,1,0,S,0,1,"valolt' AURINGON,"
Siljo,|y,n|yrimm{sti,0,1,0,S,1,1,ma N|YRIMM{STI
Siljo,au,rauhaa,0,1,0,S,0,1,"sit{ RAUHAA, mi kalvavan murheenkin"
Siljo,au,kauneus,0,1,0,S,0,1,", min elon KAUNEUS tuottaa."
Siljo,eu,kauneus,0,0,1,W,1,0,", min elon KAUNEUS tuottaa."
Siljo,au,siunaukses,1,0,0,WS,1,0,SIUNAUKSES kun 
L|nnrot,au,laulamahan,0,1,0,S,0,1,"l{he nyt kanssa LAULAMAHAN,"
L|nnrot,{y,k{yty{mme,0,1,0,S,0,1,kahta'alta K{YTY{MME!
L|nnrot,au,raukoilla,0,1,0,S,0,1,"n{ill{ RAUKOILLA rajoilla,"
L|nnrot,ou,nousevassa,0,1,0,S,0,1,"nuorisossa NOUSEVASSA,"
L|nnrot,au,kaukomielen,0,1,0,S,0,1,"p{{st{ kalvan KAUKOMIELEN,"
L|nnrot,ou,jousen,0,1,0,S,0,1,"JOUSEN tiest{,"
L|nnrot,ou,Joukahaisen,0,1,0,S,0,1,JOUKAHAISEN 
L|nnrot,au,lauloi,0,1,0,S,0,1,niit' ennen isoni LAULOI
L|nnrot,ou,Louhi,0,1,0,S,0,1,eik{ LOUHI luottehia:
L|nnrot,au,lausehia,0,1,0,S,0,1,puien latvat LAUSEHIA.
L|nnrot,au,laulut,0,1,0,S,0,1,"lapan LAULUT pakkasesta,"
L|nnrot,au,kaunihin,0,1,0,S,0,1,"alle KAUNIHIN katoksen,"
L|nnrot,au,laulan,0,1,0,W,0,1,"niin LAULAN hyv{nki virren,"
L|nnrot,au,kaunihinki,0,1,0,S,0,1,KAUNIHINKI kalkuttelen
L|nnrot,au,laulan,0,1,0,S,0,1,"LAULAN suulta laihemmalta,"
L|nnrot,ey,impeytt{,1,0,0,WS,1,0,i{n kaiken IMPEYTT{
L|nnrot,eu,laskeusi,1,0,0,WS,0,0,"LASKEUSI lainehille,"
L|nnrot,au,aukealle,0,1,0,S,0,1,ulapalle AUKEALLE.
L|nnrot,{y,vatsant{ytt{,0,1,0,S,0,0,VATSANT{YTT{ vaikeata
L|nnrot,ou,joutunut,0,1,0,S,0,1,jo olen JOUTUNUT johonki:
L|nnrot,au,rautamunan,0,1,0,S,0,1,RAUTAMUNAN seitsem{nnen.
L|nnrot,au,hautoa,0,1,0,S,0,1,"alkoi HAUTOA munia,"
L|nnrot,au,hautoi,0,1,0,S,0,1,"HAUTOI p{iv{n, "
L|nnrot,au,laulamahan,0,1,0,S,0,1,"l{hte{ni LAULAMAHAN,"
L|nnrot,au,kaunis,0,1,0,S,0,1,KAUNIS kasvinkumppalini!
L|nnrot,au,lauloaksemme,0,1,0,S,0,1,"LAULOAKSEMME hyvi{,"
L|nnrot,ou,Louhi,0,1,0,S,0,1,"katoi LOUHI luottehisin,"
L|nnrot,au,aukaisen,0,1,0,S,0,1,"AUKAISEN sanaisen arkun,"
L|nnrot,au,autioilla,0,1,0,S,0,1,avaroilla AUTIOILLA.
L|nnrot,eu,laskeuvi,1,0,0,WS,0,0,p{{h{n polven LASKEUVI.
L|nnrot,au,hautoi,0,1,0,S,0,1,HAUTOI kohta kolmannenki.
L|nnrot,au,aukealla,0,1,0,S,0,1,ulapalla AUKEALLA.
L|nnrot,au,lausui,0,1,0,S,0,1,LAUSUI tuolla 
L|nnrot,au,lausehella,0,1,0,S,0,1,tuolla LAUSEHELLA:
L|nnrot,ou,nousi,0,1,0,S,0,1,"NOUSI kuuta katsomahan,"
L|nnrot,ou,nousi,0,1,0,S,0,1,NOUSI siit{ v{in{m|inen
L|nnrot,ou,toukoja,0,1,0,S,0,1,TOUKOJA tihitt{m{h{n!
L|nnrot,au,auhtoja,0,1,0,S,1,1,"kylvi AUHTOJA ahoja,"
L|nnrot,ey,leyhke,0,1,0,S,1,1,"lep{t maille LEYHKE'ille,"
L|nnrot,ou,nousemahan,0,1,0,S,0,1,vesat nuoret NOUSEMAHAN.
L|nnrot,ou,nousi,0,1,0,S,0,1,"NOUSI koivupuut noroilla,"
L|nnrot,ey,leyhke,0,1,0,S,1,1,"lep{t mailla LEYHKE'ill{,"
L|nnrot,au,kaunis,0,1,0,S,0,1,"katajahan KAUNIS marja,"
L|nnrot,ou,nousneheksi,0,1,0,S,1,1,vesat nuoret NOUSNEHEKSI;
L|nnrot,au,kaunis,0,1,0,S,0,1,"josta kasvoi KAUNIS taimi,"
L|nnrot,au,kaunoisiksi,0,1,0,S,0,1,kappalehet KAUNOISIKSI:
L|nnrot,ou,toukoja,0,1,0,S,0,1,TOUKOJA tihitt{m{h{n?
L|nnrot,au,lautui,0,1,0,S,0,1,LAUTUI lakkap{{t pet{j{t.
Kailas,ou,soutaa,0,1,0,S,0,1,jaksatko purtesi perille SOUTAA
Erkko,au,laulelmani,0,0,1,W,0,1,lapselliset LAULELMANI!
